nach Lehrte;Pferdeturm;nach SFS;nach Alfeld;nach Wunstorf;nach Langenhagen;Laufweg;;;;;;;;;;;;;;;;;;;;
x;;;;;;Einfahrt Gl. 3-8$O;S31/12$O;S32/12$NO;S33/11$NO;S34/10$NO;S35/9$NO;S36/8$O;nach Lehrte;;;;;;;;;;;;;
;x;;;;;Einfahrt Gl. 3-8$O;S31/12$O;S32/12$NO;S33/11$O;S34/11$O;S35/11$O;S36/11$O;Pferdeturm;;;;;;;;;;;;;
;;x;;;;Einfahrt Gl. 3-8$O;S31/12$SO;S32/13$SO;S33/14$SO;S34/15$SO;S35/16$O;S36/16$O;nach SFS;;;;;;;;;;;;;
;;;x;;;Einfahrt Gl. 3-8$O;S31/12$SO;S32/13$SO;S33/14$SO;S34/15$SO;S35/16$SO;S36/17$O;nach Alfeld;;;;;;;;;;;;;
b;b;b;b;b;b;Einfahrt Gl. 3-8$SW;S29/13$SW;S28/14$SW;S27/15$W;S26/15$NW;S25/14$NW;S24/13$NW;S23/12$W;S22/12$W;S21/12$W;S20/12$W;S19/12$W;S18/12$W;Gleis 8;;;;;;;
b;b;b;b;b;b;Einfahrt Gl. 3-8$SW;S29/13$SW;S28/14$SW;S27/15$W;S26/15$NW;S25/14$W;S24/14$W;S23/14$W;S22/14$W;S21/14$W;S20/14$W;S19/14$W;S18/14$W;Gleis 7;;;;;;;
b;b;b;b;b;b;Einfahrt Gl. 3-8$SW;S29/13$SW;S28/14$SW;S27/15$W;S26/15$W;S25/15$W;S24/15$W;S23/15$W;S22/15$W;S21/15$SW;S20/16$W;S19/16$W;S18/16$W;Gleis 4;;;;;;;
b;b;b;b;b;b;Einfahrt Gl. 3-8$SW;S29/13$SW;S28/14$SW;S27/15$SW;S26/16$SW;S25/17$SW;S24/18$W;S23/18$W;S22/18$W;S21/18$W;S20/18$W;S19/18$W;S18/18$W;Gleis 3;;;;;;;
x;;;;;;Einfahrt Gl. 8/9$NO;S26/8$O;S27/8$O;S28/8$O;S29/8$O;S30/8$O;S31/8$O;S32/8$O;S33/8$O;S34/8$O;S35/8$O;S36/8$O;nach Lehrte;;;;;;;;
;x;;;;;Einfahrt Gl. 8/9$NO;S26/8$O;S27/8$SO;Einfahrt Gl. 10-14$SO;S29/10$SO;S30/11$O;S31/11$O;S32/11$O;S33/11$O;S34/11$O;S35/11$O;S36/11$O;Pferdeturm;;;;;;;;
;;x;;;;Einfahrt Gl. 8/9$NO;S26/8$O;S27/8$SO;Einfahrt Gl. 10-14$SO;S29/10$SO;S30/11$SO;S31/12$SO;S32/13$SO;S33/14$SO;S34/15$SO;S35/16$O;S36/16$O;nach SFS;;;;;;;;
;;;x;;;Einfahrt Gl. 8/9$NO;S26/8$O;S27/8$SO;Einfahrt Gl. 10-14$SO;S29/10$SO;S30/11$SO;S31/12$SO;S32/13$SO;S33/14$SO;S34/15$SO;S35/16$SO;S36/17$O;nach Alfeld;;;;;;;;
x;x;x;x;;;Einfahrt Gl. 8/9$NO;S26/8$O;S27/8$SO;Einfahrt Gl. 10-14;;;;;;;;;;;;;;;;;
b;b;b;b;b;b;Einfahrt Gl. 8/9$SW;S24/10$W;S23/10$W;S22/10$W;S21/10$W;S20/10$W;S19/10$W;S18/10$W;Gleis 9;;;;;;;;;;;;
b;b;b;b;b;b;Einfahrt Gl. 8/9$SW;S24/10$SW;S23/11$SW;S22/12$W;S21/12$W;S20/12$W;S19/12$W;S18/12$W;Gleis 8;;;;;;;;;;;;
b;b;b;b;b;b;Einfahrt Gl. 10-14$NW;S27/8$NW;S26/7$NW;S25/6$NW;S24/5$NW;S23/4$NW;S22/3$NW;S21/2$NW;S20/1$NW;S19/0$W;S18/0$W;Gleis 14;;;;;;;;;
b;b;b;b;b;b;Einfahrt Gl. 10-14$NW;S27/8$NW;S26/7$NW;S25/6$NW;S24/5$NW;S23/4$NW;S22/3$NW;S21/2$W;S20/2$W;S19/2$W;S18/2$W;Gleis 13;;;;;;;;;
b;b;b;b;b;b;Einfahrt Gl. 10-14$NW;S27/8$W;S26/8$W;S25/8$NW;S24/7$NW;S23/6$NW;S22/5$NW;S21/4$W;S20/4$W;S19/4$W;S18/4$W;Gleis 12;;;;;;;;;
b;b;b;b;b;b;Einfahrt Gl. 10-14$NW;S27/8$W;S26/8$W;S25/8$W;S24/8$W;S23/8$NW;S22/7$NW;S21/6$W;S20/6$W;S19/6$W;S18/6$W;Gleis 11;;;;;;;;;
b;b;b;b;b;b;Einfahrt Gl. 10-14$NW;S27/8$W;S26/8$W;S25/8$W;S24/8$W;S23/8$W;S22/8$W;S21/8$W;S20/8$W;S19/8$W;S18/8$W;Gleis 10;;;;;;;;;
b;b;b;b;b;b;Einfahrt Gl. 10-14$NW;S27/8$W;S26/8$SW;Einfahrt Gl. 8/9$SW;S24/10$W;S23/10$W;S22/10$W;S21/10$W;S20/10$W;S19/10$W;S18/10$W;Gleis 9;;;;;;;;;
b;b;b;b;b;b;Einfahrt Gl. 10-14$NW;S27/8$W;S26/8$SW;Einfahrt Gl. 8/9$SW;S24/10$SW;S23/11$SW;S22/12$W;S21/12$W;S20/12$W;S19/12$W;S18/12$W;Gleis 8;;;;;;;;;
b;b;b;b;b;b;Einfahrt Gl. 10-14$NW;S27/8$W;S26/8$SW;Einfahrt Gl. 8/9;;;;;;;;;;;;;;;;;
x;;;;;;Einfahrt Gl. 10-14$SO;S29/10$SO;S30/11$O;S31/11$O;S32/11$O;S33/11$NO;S34/10$NO;S35/9$NO;S36/8$O;nach Lehrte;;;;;;;;;;;
;x;;;;;Einfahrt Gl. 10-14$SO;S29/10$SO;S30/11$O;S31/11$O;S32/11$O;S33/11$O;S34/11$O;S35/11$O;S36/11$O;Pferdeturm;;;;;;;;;;;
;;x;;;;Einfahrt Gl. 10-14$SO;S29/10$SO;S30/11$SO;S31/12$SO;S32/13$SO;S33/14$SO;S34/15$SO;S35/16$O;S36/16$O;nach SFS;;;;;;;;;;;
;;;x;;;Einfahrt Gl. 10-14$SO;S29/10$SO;S30/11$SO;S31/12$SO;S32/13$SO;S33/14$SO;S34/15$SO;S35/16$SO;S36/17$O;nach Alfeld;;;;;;;;;;;
x;;;;;;Gleis 3$O;S18/18$O;S19/18$O;S20/18$O;S21/18$O;S22/18$O;S23/18$O;S24/18$NO;S25/17$NO;S26/16$NO;S27/15$NO;S28/14$NO;S29/13$NO;Einfahrt Gl. 3-8$O;S31/12$O;S32/12$NO;S33/11$NO;S34/10$NO;S35/9$NO;S36/8$O;nach Lehrte
;x;;;;;Gleis 3$O;S18/18$O;S19/18$O;S20/18$O;S21/18$O;S22/18$O;S23/18$O;S24/18$NO;S25/17$NO;S26/16$NO;S27/15$NO;S28/14$NO;S29/13$NO;Einfahrt Gl. 3-8$O;S31/12$O;S32/12$NO;S33/11$O;S34/11$O;S35/11$O;S36/11$O;Pferdeturm
;;x;;;;Gleis 3$O;S18/18$O;S19/18$O;S20/18$O;S21/18$O;S22/18$O;S23/18$O;S24/18$NO;S25/17$NO;S26/16$O;S27/16$O;S28/16$O;S29/16$O;S30/16$O;S31/16$O;S32/16$O;S33/16$O;S34/16$O;S35/16$O;S36/16$O;nach SFS
;;;x;;;Gleis 3$O;S18/18$O;S19/18$O;S20/18$O;S21/18$O;S22/18$O;S23/18$O;S24/18$NO;S25/17$NO;S26/16$O;S27/16$O;S28/16$O;S29/16$O;S30/16$O;S31/16$O;S32/16$O;S33/16$O;S34/16$O;S35/16$SO;S36/17$O;nach Alfeld
;;;;x;;Gleis 3$W;S16/18$NW;S15/17$NW;S14/16$NW;S13/15$NW;S12/14$NW;S11/13$NW;S10/12$N;S10/11$NW;S9/10$NW;S8/9$NW;S7/8$N;S7/7$NW;S6/6$NW;S5/5$NW;S4/4$NW;S3/3$W;S2/3$NW;S1/2$W;nach Wunstorf;
;;;;;x;Gleis 3$W;S16/18$NW;S15/17$NW;S14/16$NW;S13/15$NW;S12/14$NW;S11/13$NW;S10/12$N;S10/11$NW;S9/10$NW;S8/9$W;S7/9$NW;S6/8$W;S5/8$W;S4/8$W;S3/8$W;S2/8$W;S1/8$W;nach Langenhagen;;
x;x;x;x;;;Gleis 3$O;S18/18$O;S19/18$O;S20/18$O;S21/18$O;S22/18$O;S23/18$O;S24/18$NO;S25/17$NO;S26/16$NO;S27/15$NO;S28/14$NO;S29/13$NO;Einfahrt Gl. 3-8;;;;;;;
x;;;;;;Gleis 4$O;S18/16$O;S19/16$O;S20/16$NO;S21/15$O;S22/15$O;S23/15$O;S24/15$O;S25/15$O;S26/15$O;S27/15$NO;S28/14$NO;S29/13$NO;Einfahrt Gl. 3-8$O;S31/12$O;S32/12$NO;S33/11$NO;S34/10$NO;S35/9$NO;S36/8$O;nach Lehrte
;x;;;;;Gleis 4$O;S18/16$O;S19/16$O;S20/16$NO;S21/15$O;S22/15$O;S23/15$O;S24/15$O;S25/15$O;S26/15$O;S27/15$NO;S28/14$NO;S29/13$NO;Einfahrt Gl. 3-8$O;S31/12$O;S32/12$NO;S33/11$O;S34/11$O;S35/11$O;S36/11$O;Pferdeturm
;;x;;;;Gleis 4$O;S18/16$O;S19/16$O;S20/16$O;S21/16$O;S22/16$O;S23/16$O;S24/16$O;S25/16$O;S26/16$O;S27/16$O;S28/16$O;S29/16$O;S30/16$O;S31/16$O;S32/16$O;S33/16$O;S34/16$O;S35/16$O;S36/16$O;nach SFS
;;;x;;;Gleis 4$O;S18/16$O;S19/16$O;S20/16$O;S21/16$O;S22/16$O;S23/16$O;S24/16$O;S25/16$O;S26/16$O;S27/16$O;S28/16$O;S29/16$O;S30/16$O;S31/16$O;S32/16$O;S33/16$O;S34/16$O;S35/16$SO;S36/17$O;nach Alfeld
;;;;x;;Gleis 4$W;S16/16$W;S15/16$NW;S14/15$NW;S13/14$NW;S12/13$NW;S11/12$NW;S10/11$NW;S9/10$NW;S8/9$NW;S7/8$N;S7/7$NW;S6/6$NW;S5/5$NW;S4/4$NW;S3/3$W;S2/3$NW;S1/2$W;nach Wunstorf;;
;;;;;x;Gleis 4$W;S16/16$W;S15/16$NW;S14/15$NW;S13/14$NW;S12/13$NW;S11/12$NW;S10/11$NW;S9/10$NW;S8/9$W;S7/9$NW;S6/8$W;S5/8$W;S4/8$W;S3/8$W;S2/8$W;S1/8$W;nach Langenhagen;;;
x;x;x;x;;;Gleis 4$O;S18/16$O;S19/16$O;S20/16$NO;S21/15$O;S22/15$O;S23/15$O;S24/15$O;S25/15$O;S26/15$O;S27/15$NO;S28/14$NO;S29/13$NO;Einfahrt Gl. 3-8;;;;;;;
x;;;;;;Gleis 7$O;S18/14$O;S19/14$O;S20/14$O;S21/14$O;S22/14$O;S23/14$O;S24/14$O;S25/14$O;S26/14$NO;S27/13$NO;S28/12$NO;S29/11$O;S30/11$O;S31/11$O;S32/11$O;S33/11$NO;S34/10$NO;S35/9$NO;S36/8$O;nach Lehrte
;x;;;;;Gleis 7$O;S18/14$O;S19/14$O;S20/14$O;S21/14$O;S22/14$O;S23/14$O;S24/14$O;S25/14$O;S26/14$NO;S27/13$NO;S28/12$NO;S29/11$O;S30/11$O;S31/11$O;S32/11$O;S33/11$O;S34/11$O;S35/11$O;S36/11$O;Pferdeturm
;;x;;;;Gleis 7$O;S18/14$O;S19/14$O;S20/14$O;S21/14$O;S22/14$O;S23/14$SO;S24/15$SO;S25/16$O;S26/16$O;S27/16$O;S28/16$O;S29/16$O;S30/16$O;S31/16$O;S32/16$O;S33/16$O;S34/16$O;S35/16$O;S36/16$O;nach SFS
;;;x;;;Gleis 7$O;S18/14$O;S19/14$O;S20/14$O;S21/14$O;S22/14$O;S23/14$SO;S24/15$SO;S25/16$O;S26/16$O;S27/16$O;S28/16$O;S29/16$O;S30/16$O;S31/16$O;S32/16$O;S33/16$O;S34/16$O;S35/16$SO;S36/17$O;nach Alfeld
;;;;x;;Gleis 7$W;S16/14$W;S15/14$NW;S14/13$NW;S13/12$NW;S12/11$NW;S11/10$NW;S10/9$NW;S9/8$NW;S8/7$NW;S7/6$NW;S6/5$NW;S5/4$NW;S4/3$NW;S3/2$W;S2/2$W;S1/2$W;nach Wunstorf;;;
;;;;;x;Gleis 7$W;S16/14$W;S15/14$NW;S14/13$NW;S13/12$NW;S12/11$NW;S11/10$NW;S10/9$W;S9/9$W;S8/9$W;S7/9$NW;S6/8$W;S5/8$W;S4/8$W;S3/8$W;S2/8$W;S1/8$W;nach Langenhagen;;;
x;x;x;x;;;Gleis 7$O;S18/14$O;S19/14$O;S20/14$O;S21/14$O;S22/14$O;S23/14$O;S24/14$O;S25/14$SO;S26/15$O;S27/15$NO;S28/14$NO;S29/13$NO;Einfahrt Gl. 3-8;;;;;;;
x;;;;;;Gleis 8$O;S18/12$O;S19/12$O;S20/12$O;S21/12$O;S22/12$NO;S23/11$O;S24/11$O;S25/11$O;S26/11$O;S27/11$O;S28/11$O;S29/11$O;S30/11$O;S31/11$O;S32/11$O;S33/11$NO;S34/10$NO;S35/9$NO;S36/8$O;nach Lehrte
;x;;;;;Gleis 8$O;S18/12$O;S19/12$O;S20/12$O;S21/12$O;S22/12$NO;S23/11$O;S24/11$O;S25/11$O;S26/11$O;S27/11$O;S28/11$O;S29/11$O;S30/11$O;S31/11$O;S32/11$O;S33/11$O;S34/11$O;S35/11$O;S36/11$O;Pferdeturm
;;x;;;;Gleis 8$O;S18/12$O;S19/12$O;S20/12$O;S21/12$O;S22/12$O;S23/12$SO;S24/13$SO;S25/14$SO;S26/15$O;S27/15$O;S28/15$O;S29/15$O;S30/15$O;S31/15$O;S32/15$O;S33/15$O;S34/15$SO;S35/16$O;S36/16$O;nach SFS
;;;x;;;Gleis 8$O;S18/12$O;S19/12$O;S20/12$O;S21/12$O;S22/12$O;S23/12$SO;S24/13$SO;S25/14$SO;S26/15$O;S27/15$O;S28/15$O;S29/15$O;S30/15$O;S31/15$O;S32/15$O;S33/15$O;S34/15$SO;S35/16$SO;S36/17$O;nach Alfeld
;;;;x;;Gleis 8$W;S16/12$W;S15/12$W;S14/12$W;S13/12$NW;S12/11$NW;S11/10$NW;S10/9$NW;S9/8$NW;S8/7$NW;S7/6$NW;S6/5$NW;S5/4$NW;S4/3$NW;S3/2$W;S2/2$W;S1/2$W;nach Wunstorf;;;
;;;;;x;Gleis 8$W;S16/12$W;S15/12$W;S14/12$W;S13/12$NW;S12/11$NW;S11/10$NW;S10/9$W;S9/9$W;S8/9$W;S7/9$NW;S6/8$W;S5/8$W;S4/8$W;S3/8$W;S2/8$W;S1/8$W;nach Langenhagen;;;
x;x;x;x;;;Gleis 8$O;S18/12$O;S19/12$O;S20/12$O;S21/12$O;S22/12$O;S23/12$SO;S24/13$SO;S25/14$SO;S26/15$O;S27/15$NO;S28/14$NO;S29/13$NO;Einfahrt Gl. 3-8;;;;;;;
x;x;x;x;;;Gleis 8$O;S18/12$O;S19/12$O;S20/12$O;S21/12$O;S22/12$NO;S23/11$NO;S24/10$NO;Einfahrt Gl. 8/9;;;;;;;;;;;;
x;x;x;x;;;Gleis 8$O;S18/12$O;S19/12$O;S20/12$O;S21/12$O;S22/12$NO;S23/11$NO;S24/10$NO;Einfahrt Gl. 8/9$NO;S26/8$O;S27/8$SO;Einfahrt Gl. 10-14;;;;;;;;;
x;;;;;;Gleis 9$O;S18/10$O;S19/10$O;S20/10$O;S21/10$SO;S22/11$O;S23/11$O;S24/11$O;S25/11$O;S26/11$O;S27/11$O;S28/11$O;S29/11$O;S30/11$O;S31/11$O;S32/11$O;S33/11$NO;S34/10$NO;S35/9$NO;S36/8$O;nach Lehrte
;x;;;;;Gleis 9$O;S18/10$O;S19/10$O;S20/10$O;S21/10$SO;S22/11$O;S23/11$O;S24/11$O;S25/11$O;S26/11$O;S27/11$O;S28/11$O;S29/11$O;S30/11$O;S31/11$O;S32/11$O;S33/11$O;S34/11$O;S35/11$O;S36/11$O;Pferdeturm
;;x;;;;Gleis 9$O;S18/10$O;S19/10$O;S20/10$O;S21/10$SO;S22/11$O;S23/11$O;S24/11$O;S25/11$O;S26/11$O;S27/11$O;S28/11$O;S29/11$O;S30/11$SO;S31/12$SO;S32/13$SO;S33/14$SO;S34/15$SO;S35/16$O;S36/16$O;nach SFS
;;;x;;;Gleis 9$O;S18/10$O;S19/10$O;S20/10$O;S21/10$SO;S22/11$O;S23/11$O;S24/11$O;S25/11$O;S26/11$O;S27/11$O;S28/11$O;S29/11$O;S30/11$SO;S31/12$SO;S32/13$SO;S33/14$SO;S34/15$SO;S35/16$SO;S36/17$O;nach Alfeld
;;;;x;;Gleis 9$W;S16/10$W;S15/10$W;S14/10$W;S13/10$W;S12/10$W;S11/10$NW;S10/9$NW;S9/8$NW;S8/7$NW;S7/6$NW;S6/5$NW;S5/4$NW;S4/3$NW;S3/2$W;S2/2$W;S1/2$W;nach Wunstorf;;;
;;;;;x;Gleis 9$W;S16/10$W;S15/10$W;S14/10$W;S13/10$W;S12/10$W;S11/10$NW;S10/9$W;S9/9$W;S8/9$W;S7/9$NW;S6/8$W;S5/8$W;S4/8$W;S3/8$W;S2/8$W;S1/8$W;nach Langenhagen;;;
x;x;x;x;;;Gleis 9$O;S18/10$O;S19/10$O;S20/10$O;S21/10$O;S22/10$O;S23/10$O;S24/10$NO;Einfahrt Gl. 8/9;;;;;;;;;;;;
x;x;x;x;;;Gleis 9$O;S18/10$O;S19/10$O;S20/10$O;S21/10$O;S22/10$O;S23/10$O;S24/10$NO;Einfahrt Gl. 8/9$NO;S26/8$O;S27/8$SO;Einfahrt Gl. 10-14;;;;;;;;;
x;;;;;;Gleis 10$O;S18/8$O;S19/8$O;S20/8$O;S21/8$O;S22/8$O;S23/8$O;S24/8$O;S25/8$O;S26/8$O;S27/8$O;S28/8$O;S29/8$O;S30/8$O;S31/8$O;S32/8$O;S33/8$O;S34/8$O;S35/8$O;S36/8$O;nach Lehrte
;x;;;;;Gleis 10$O;S18/8$O;S19/8$O;S20/8$O;S21/8$O;S22/8$O;S23/8$O;S24/8$O;S25/8$O;S26/8$O;S27/8$SO;Einfahrt Gl. 10-14$SO;S29/10$SO;S30/11$O;S31/11$O;S32/11$O;S33/11$O;S34/11$O;S35/11$O;S36/11$O;Pferdeturm
;;x;;;;Gleis 10$O;S18/8$O;S19/8$O;S20/8$O;S21/8$O;S22/8$O;S23/8$O;S24/8$O;S25/8$O;S26/8$O;S27/8$SO;Einfahrt Gl. 10-14$SO;S29/10$SO;S30/11$SO;S31/12$SO;S32/13$SO;S33/14$SO;S34/15$SO;S35/16$O;S36/16$O;nach SFS
;;;x;;;Gleis 10$O;S18/8$O;S19/8$O;S20/8$O;S21/8$O;S22/8$O;S23/8$O;S24/8$O;S25/8$O;S26/8$O;S27/8$SO;Einfahrt Gl. 10-14$SO;S29/10$SO;S30/11$SO;S31/12$SO;S32/13$SO;S33/14$SO;S34/15$SO;S35/16$SO;S36/17$O;nach Alfeld
;;;;x;;Gleis 10$W;S16/8$W;S15/8$W;S14/8$W;S13/8$W;S12/8$W;S11/8$W;S10/8$W;S9/8$NW;S8/7$NW;S7/6$NW;S6/5$NW;S5/4$NW;S4/3$NW;S3/2$W;S2/2$W;S1/2$W;nach Wunstorf;;;
;;;;;x;Gleis 10$W;S16/8$W;S15/8$SW;S14/9$SW;S13/10$W;S12/10$W;S11/10$NW;S10/9$W;S9/9$W;S8/9$W;S7/9$NW;S6/8$W;S5/8$W;S4/8$W;S3/8$W;S2/8$W;S1/8$W;nach Langenhagen;;;
x;x;x;x;;;Gleis 10$O;S18/8$O;S19/8$O;S20/8$O;S21/8$O;S22/8$O;S23/8$O;S24/8$O;S25/8$O;S26/8$O;S27/8$SO;Einfahrt Gl. 10-14;;;;;;;;;
x;;;;;;Gleis 11$O;S18/6$O;S19/6$O;S20/6$O;S21/6$SO;S22/7$SO;S23/8$O;S24/8$O;S25/8$O;S26/8$O;S27/8$O;S28/8$O;S29/8$O;S30/8$O;S31/8$O;S32/8$O;S33/8$O;S34/8$O;S35/8$O;S36/8$O;nach Lehrte
;x;;;;;Gleis 11$O;S18/6$O;S19/6$O;S20/6$O;S21/6$SO;S22/7$SO;S23/8$O;S24/8$O;S25/8$O;S26/8$O;S27/8$SO;Einfahrt Gl. 10-14$SO;S29/10$SO;S30/11$O;S31/11$O;S32/11$O;S33/11$O;S34/11$O;S35/11$O;S36/11$O;Pferdeturm
;;x;;;;Gleis 11$O;S18/6$O;S19/6$O;S20/6$O;S21/6$SO;S22/7$SO;S23/8$O;S24/8$O;S25/8$O;S26/8$O;S27/8$SO;Einfahrt Gl. 10-14$SO;S29/10$SO;S30/11$SO;S31/12$SO;S32/13$SO;S33/14$SO;S34/15$SO;S35/16$O;S36/16$O;nach SFS
;;;x;;;Gleis 11$O;S18/6$O;S19/6$O;S20/6$O;S21/6$SO;S22/7$SO;S23/8$O;S24/8$O;S25/8$O;S26/8$O;S27/8$SO;Einfahrt Gl. 10-14$SO;S29/10$SO;S30/11$SO;S31/12$SO;S32/13$SO;S33/14$SO;S34/15$SO;S35/16$SO;S36/17$O;nach Alfeld
;;;;x;;Gleis 11$W;S16/6$W;S15/6$W;S14/6$W;S13/6$W;S12/6$W;S11/6$W;S10/6$W;S9/6$W;S8/6$W;S7/6$NW;S6/5$NW;S5/4$NW;S4/3$NW;S3/2$W;S2/2$W;S1/2$W;nach Wunstorf;;;
;;;;;x;Gleis 11$W;S16/6$W;S15/6$W;S14/6$W;S13/6$W;S12/6$W;S11/6$W;S10/6$W;S9/6$W;S8/6$W;S7/6$W;S6/6$W;S5/6$SW;S4/7$SW;S3/8$W;S2/8$W;S1/8$W;nach Langenhagen;;;
x;x;x;x;;;Gleis 11$O;S18/6$O;S19/6$O;S20/6$O;S21/6$SO;S22/7$SO;S23/8$O;S24/8$O;S25/8$O;S26/8$O;S27/8$SO;Einfahrt Gl. 10-14;;;;;;;;;
x;;;;;;Gleis 12$O;S18/4$O;S19/4$O;S20/4$O;S21/4$SO;S22/5$SO;S23/6$SO;S24/7$SO;S25/8$O;S26/8$O;S27/8$O;S28/8$O;S29/8$O;S30/8$O;S31/8$O;S32/8$O;S33/8$O;S34/8$O;S35/8$O;S36/8$O;nach Lehrte
;x;;;;;Gleis 12$O;S18/4$O;S19/4$O;S20/4$O;S21/4$SO;S22/5$SO;S23/6$SO;S24/7$SO;S25/8$O;S26/8$O;S27/8$SO;Einfahrt Gl. 10-14$SO;S29/10$SO;S30/11$O;S31/11$O;S32/11$O;S33/11$O;S34/11$O;S35/11$O;S36/11$O;Pferdeturm
;;x;;;;Gleis 12$O;S18/4$O;S19/4$O;S20/4$O;S21/4$SO;S22/5$SO;S23/6$SO;S24/7$SO;S25/8$O;S26/8$O;S27/8$SO;Einfahrt Gl. 10-14$SO;S29/10$SO;S30/11$SO;S31/12$SO;S32/13$SO;S33/14$SO;S34/15$SO;S35/16$O;S36/16$O;nach SFS
;;;x;;;Gleis 12$O;S18/4$O;S19/4$O;S20/4$O;S21/4$SO;S22/5$SO;S23/6$SO;S24/7$SO;S25/8$O;S26/8$O;S27/8$SO;Einfahrt Gl. 10-14$SO;S29/10$SO;S30/11$SO;S31/12$SO;S32/13$SO;S33/14$SO;S34/15$SO;S35/16$SO;S36/17$O;nach Alfeld
;;;;x;;Gleis 12$W;S16/4$W;S15/4$W;S14/4$W;S13/4$W;S12/4$W;S11/4$W;S10/4$W;S9/4$W;S8/4$W;S7/4$W;S6/4$W;S5/4$NW;S4/3$NW;S3/2$W;S2/2$W;S1/2$W;nach Wunstorf;;;
;;;;;x;Gleis 12$W;S16/4$W;S15/4$SW;S14/5$SW;S13/6$W;S12/6$W;S11/6$W;S10/6$W;S9/6$W;S8/6$W;S7/6$W;S6/6$W;S5/6$SW;S4/7$SW;S3/8$W;S2/8$W;S1/8$W;nach Langenhagen;;;
x;x;x;x;;;Gleis 12$O;S18/4$O;S19/4$O;S20/4$O;S21/4$SO;S22/5$SO;S23/6$SO;S24/7$SO;S25/8$O;S26/8$O;S27/8$SO;Einfahrt Gl. 10-14;;;;;;;;;
x;;;;;;Gleis 13$O;S18/2$O;S19/2$SO;S20/3$SO;S21/4$SO;S22/5$SO;S23/6$SO;S24/7$SO;S25/8$O;S26/8$O;S27/8$O;S28/8$O;S29/8$O;S30/8$O;S31/8$O;S32/8$O;S33/8$O;S34/8$O;S35/8$O;S36/8$O;nach Lehrte
;x;;;;;Gleis 13$O;S18/2$O;S19/2$SO;S20/3$SO;S21/4$SO;S22/5$SO;S23/6$SO;S24/7$SO;S25/8$O;S26/8$O;S27/8$SO;Einfahrt Gl. 10-14$SO;S29/10$SO;S30/11$O;S31/11$O;S32/11$O;S33/11$O;S34/11$O;S35/11$O;S36/11$O;Pferdeturm
;;x;;;;Gleis 13$O;S18/2$O;S19/2$SO;S20/3$SO;S21/4$SO;S22/5$SO;S23/6$SO;S24/7$SO;S25/8$O;S26/8$O;S27/8$SO;Einfahrt Gl. 10-14$SO;S29/10$SO;S30/11$SO;S31/12$SO;S32/13$SO;S33/14$SO;S34/15$SO;S35/16$O;S36/16$O;nach SFS
;;;x;;;Gleis 13$O;S18/2$O;S19/2$SO;S20/3$SO;S21/4$SO;S22/5$SO;S23/6$SO;S24/7$SO;S25/8$O;S26/8$O;S27/8$SO;Einfahrt Gl. 10-14$SO;S29/10$SO;S30/11$SO;S31/12$SO;S32/13$SO;S33/14$SO;S34/15$SO;S35/16$SO;S36/17$O;nach Alfeld
;;;;x;;Gleis 13$W;S16/2$W;S15/2$W;S14/2$W;S13/2$W;S12/2$SW;S11/3$SW;S10/4$W;S9/4$W;S8/4$W;S7/4$W;S6/4$W;S5/4$NW;S4/3$NW;S3/2$W;S2/2$W;S1/2$W;nach Wunstorf;;;
;;;;;x;Gleis 13$W;S16/2$W;S15/2$SW;S14/3$SW;S13/4$SW;S12/5$SW;S11/6$W;S10/6$W;S9/6$W;S8/6$W;S7/6$W;S6/6$W;S5/6$SW;S4/7$SW;S3/8$W;S2/8$W;S1/8$W;nach Langenhagen;;;
x;x;x;x;;;Gleis 13$O;S18/2$O;S19/2$SO;S20/3$SO;S21/4$SO;S22/5$SO;S23/6$SO;S24/7$SO;S25/8$O;S26/8$O;S27/8$SO;Einfahrt Gl. 10-14;;;;;;;;;
x;;;;;;Gleis 14$O;S18/0$O;S19/0$SO;S20/1$SO;S21/2$SO;S22/3$SO;S23/4$SO;S24/5$SO;S25/6$SO;S26/7$SO;S27/8$O;S28/8$O;S29/8$O;S30/8$O;S31/8$O;S32/8$O;S33/8$O;S34/8$O;S35/8$O;S36/8$O;nach Lehrte
;x;;;;;Gleis 14$O;S18/0$O;S19/0$SO;S20/1$SO;S21/2$SO;S22/3$SO;S23/4$SO;S24/5$SO;S25/6$SO;S26/7$SO;S27/8$SO;Einfahrt Gl. 10-14$SO;S29/10$SO;S30/11$O;S31/11$O;S32/11$O;S33/11$O;S34/11$O;S35/11$O;S36/11$O;Pferdeturm
;;x;;;;Gleis 14$O;S18/0$O;S19/0$SO;S20/1$SO;S21/2$SO;S22/3$SO;S23/4$SO;S24/5$SO;S25/6$SO;S26/7$SO;S27/8$SO;Einfahrt Gl. 10-14$SO;S29/10$SO;S30/11$SO;S31/12$SO;S32/13$SO;S33/14$SO;S34/15$SO;S35/16$O;S36/16$O;nach SFS
;;;x;;;Gleis 14$O;S18/0$O;S19/0$SO;S20/1$SO;S21/2$SO;S22/3$SO;S23/4$SO;S24/5$SO;S25/6$SO;S26/7$SO;S27/8$SO;Einfahrt Gl. 10-14$SO;S29/10$SO;S30/11$SO;S31/12$SO;S32/13$SO;S33/14$SO;S34/15$SO;S35/16$SO;S36/17$O;nach Alfeld
;;;;x;;Gleis 14$W;S16/0$W;S15/0$W;S14/0$SW;S13/1$SW;S12/2$SW;S11/3$SW;S10/4$W;S9/4$W;S8/4$W;S7/4$W;S6/4$W;S5/4$NW;S4/3$NW;S3/2$W;S2/2$W;S1/2$W;nach Wunstorf;;;
;;;;;x;Gleis 14$W;S16/0$W;S15/0$W;S14/0$SW;S13/1$SW;S12/2$SW;S11/3$SW;S10/4$SW;S9/5$SW;S8/6$W;S7/6$W;S6/6$W;S5/6$SW;S4/7$SW;S3/8$W;S2/8$W;S1/8$W;nach Langenhagen;;;
x;x;x;x;;;Gleis 14$O;S18/0$O;S19/0$SO;S20/1$SO;S21/2$SO;S22/3$SO;S23/4$SO;S24/5$SO;S25/6$SO;S26/7$SO;S27/8$SO;Einfahrt Gl. 10-14;;;;;;;;;
b;b;b;b;b;b;von Lehrte$W;S36/6$W;S35/6$W;S34/6$W;S33/6$W;S32/6$W;S31/6$W;S30/6$W;S29/6$W;S28/6$NW;S27/5$NW;S26/4$W;S25/4$W;S24/4$W;S23/4$NW;S22/3$NW;S21/2$NW;S20/1$NW;S19/0$W;S18/0$W;Gleis 14
b;b;b;b;b;b;von Lehrte$W;S36/6$W;S35/6$W;S34/6$W;S33/6$W;S32/6$W;S31/6$W;S30/6$W;S29/6$W;S28/6$NW;S27/5$NW;S26/4$W;S25/4$W;S24/4$W;S23/4$NW;S22/3$NW;S21/2$W;S20/2$W;S19/2$W;S18/2$W;Gleis 13
b;b;b;b;b;b;von Lehrte$W;S36/6$W;S35/6$W;S34/6$W;S33/6$W;S32/6$W;S31/6$W;S30/6$W;S29/6$W;S28/6$NW;S27/5$NW;S26/4$W;S25/4$W;S24/4$W;S23/4$W;S22/4$W;S21/4$W;S20/4$W;S19/4$W;S18/4$W;Gleis 12
b;b;b;b;b;b;von Lehrte$W;S36/6$SW;S35/7$SW;S34/8$W;S33/8$W;S32/8$W;S31/8$W;S30/8$W;S29/8$W;S28/8$W;S27/8$W;S26/8$W;S25/8$W;S24/8$W;S23/8$NW;S22/7$NW;S21/6$W;S20/6$W;S19/6$W;S18/6$W;Gleis 11
b;b;b;b;b;b;von Lehrte$W;S36/6$SW;S35/7$SW;S34/8$W;S33/8$W;S32/8$W;S31/8$W;S30/8$W;S29/8$W;S28/8$W;S27/8$W;S26/8$W;S25/8$W;S24/8$W;S23/8$W;S22/8$W;S21/8$W;S20/8$W;S19/8$W;S18/8$W;Gleis 10
b;b;b;b;b;b;von Lehrte$W;S36/6$SW;S35/7$SW;S34/8$SW;S33/9$SW;S32/10$SW;S31/11$W;S30/11$W;S29/11$W;S28/11$W;S27/11$W;S26/11$W;S25/11$W;S24/11$W;S23/11$W;S22/11$NW;S21/10$W;S20/10$W;S19/10$W;S18/10$W;Gleis 9
b;b;b;b;b;b;von Lehrte$W;S36/6$SW;S35/7$SW;S34/8$SW;S33/9$SW;S32/10$SW;S31/11$W;S30/11$W;S29/11$W;S28/11$W;S27/11$W;S26/11$W;S25/11$W;S24/11$W;S23/11$SW;S22/12$W;S21/12$W;S20/12$W;S19/12$W;S18/12$W;Gleis 8
b;b;b;b;b;b;von Lehrte$W;S36/6$SW;S35/7$SW;S34/8$SW;S33/9$SW;S32/10$SW;S31/11$W;S30/11$W;S29/11$SW;S28/12$SW;S27/13$SW;S26/14$W;S25/14$W;S24/14$W;S23/14$W;S22/14$W;S21/14$W;S20/14$W;S19/14$W;S18/14$W;Gleis 7
b;b;b;b;b;b;von Lehrte$W;S36/6$SW;S35/7$SW;S34/8$SW;S33/9$SW;S32/10$SW;S31/11$W;S30/11$W;S29/11$SW;S28/12$SW;S27/13$SW;S26/14$W;S25/14$W;S24/14$W;S23/14$W;S22/14$SW;S21/15$SW;S20/16$W;S19/16$W;S18/16$W;Gleis 4
b;b;b;b;b;b;von Lehrte$W;S36/6$SW;S35/7$SW;S34/8$SW;S33/9$SW;S32/10$SW;S31/11$W;S30/11$W;S29/11$SW;S28/12$SW;S27/13$SW;S26/14$W;S25/14$W;S24/14$W;S23/14$W;S22/14$SW;S21/15$SW;S20/16$SW;S19/17$SW;S18/18$W;Gleis 3
b;b;b;b;b;b;von Lehrte$W;S36/6$SW;S35/7$SW;S34/8$W;S33/8$W;S32/8$W;S31/8$W;S30/8$W;S29/8$W;S28/8$W;S27/8$W;S26/8$SW;Einfahrt Gl. 8/9;;;;;;;;
b;b;b;b;b;b;von Lehrte$W;S36/6$SW;S35/7$SW;S34/8$SW;S33/9$SW;S32/10$SW;S31/11$W;S30/11$NW;S29/10$NW;Einfahrt Gl. 10-14;;;;;;;;;;;
b;b;b;b;b;b;Pferdeturm$W;S36/11$W;S35/11$W;S34/11$W;S33/11$W;S32/11$W;S31/11$W;S30/11$NW;S29/10$NW;Einfahrt Gl. 10-14$NW;S27/8$NW;S26/7$NW;S25/6$NW;S24/5$NW;S23/4$NW;S22/3$NW;S21/2$NW;S20/1$NW;S19/0$W;S18/0$W;Gleis 14
b;b;b;b;b;b;Pferdeturm$W;S36/11$W;S35/11$W;S34/11$W;S33/11$W;S32/11$W;S31/11$W;S30/11$NW;S29/10$NW;Einfahrt Gl. 10-14$NW;S27/8$W;S26/8$W;S25/8$NW;S24/7$NW;S23/6$NW;S22/5$NW;S21/4$NW;S20/3$NW;S19/2$W;S18/2$W;Gleis 13
b;b;b;b;b;b;Pferdeturm$W;S36/11$W;S35/11$W;S34/11$W;S33/11$W;S32/11$W;S31/11$W;S30/11$NW;S29/10$NW;Einfahrt Gl. 10-14$NW;S27/8$W;S26/8$W;S25/8$NW;S24/7$NW;S23/6$NW;S22/5$NW;S21/4$W;S20/4$W;S19/4$W;S18/4$W;Gleis 12
b;b;b;b;b;b;Pferdeturm$W;S36/11$W;S35/11$W;S34/11$W;S33/11$W;S32/11$W;S31/11$W;S30/11$NW;S29/10$NW;Einfahrt Gl. 10-14$NW;S27/8$W;S26/8$W;S25/8$W;S24/8$W;S23/8$NW;S22/7$NW;S21/6$W;S20/6$W;S19/6$W;S18/6$W;Gleis 11
b;b;b;b;b;b;Pferdeturm$W;S36/11$W;S35/11$W;S34/11$W;S33/11$W;S32/11$W;S31/11$W;S30/11$NW;S29/10$NW;Einfahrt Gl. 10-14$NW;S27/8$W;S26/8$W;S25/8$W;S24/8$W;S23/8$W;S22/8$W;S21/8$W;S20/8$W;S19/8$W;S18/8$W;Gleis 10
b;b;b;b;b;b;Pferdeturm$W;S36/11$W;S35/11$W;S34/11$W;S33/11$W;S32/11$W;S31/11$W;S30/11$W;S29/11$W;S28/11$W;S27/11$W;S26/11$W;S25/11$W;S24/11$W;S23/11$W;S22/11$NW;S21/10$W;S20/10$W;S19/10$W;S18/10$W;Gleis 9
b;b;b;b;b;b;Pferdeturm$W;S36/11$W;S35/11$W;S34/11$W;S33/11$W;S32/11$W;S31/11$W;S30/11$W;S29/11$W;S28/11$W;S27/11$W;S26/11$W;S25/11$W;S24/11$W;S23/11$SW;S22/12$W;S21/12$W;S20/12$W;S19/12$W;S18/12$W;Gleis 8
b;b;b;b;b;b;Pferdeturm$W;S36/11$W;S35/11$W;S34/11$W;S33/11$W;S32/11$W;S31/11$W;S30/11$W;S29/11$SW;S28/12$SW;S27/13$SW;S26/14$W;S25/14$W;S24/14$W;S23/14$W;S22/14$W;S21/14$W;S20/14$W;S19/14$W;S18/14$W;Gleis 7
b;b;b;b;b;b;Pferdeturm$W;S36/11$W;S35/11$W;S34/11$W;S33/11$W;S32/11$W;S31/11$W;S30/11$W;S29/11$SW;S28/12$SW;S27/13$SW;S26/14$W;S25/14$W;S24/14$W;S23/14$W;S22/14$SW;S21/15$SW;S20/16$W;S19/16$W;S18/16$W;Gleis 4
b;b;b;b;b;b;Pferdeturm$W;S36/11$W;S35/11$W;S34/11$W;S33/11$SW;S32/12$W;S31/12$W;Einfahrt Gl. 3-8$SW;S29/13$SW;S28/14$SW;S27/15$SW;S26/16$SW;S25/17$SW;S24/18$W;S23/18$W;S22/18$W;S21/18$W;S20/18$W;S19/18$W;S18/18$W;Gleis 3
b;b;b;b;b;b;Pferdeturm$W;S36/11$W;S35/11$W;S34/11$W;S33/11$SW;S32/12$W;S31/12$W;Einfahrt Gl. 3-8;;;;;;;;;;;;;
b;b;b;b;b;b;Pferdeturm$W;S36/11$W;S35/11$W;S34/11$W;S33/11$W;S32/11$W;S31/11$W;S30/11$NW;S29/10$NW;Einfahrt Gl. 10-14$NW;S27/8$W;S26/8$SW;Einfahrt Gl. 8/9;;;;;;;;
b;b;b;b;b;b;Pferdeturm$W;S36/11$W;S35/11$W;S34/11$W;S33/11$W;S32/11$W;S31/11$W;S30/11$NW;S29/10$NW;Einfahrt Gl. 10-14;;;;;;;;;;;
b;b;b;b;b;b;von Alfeld$W;S36/14$SW;S35/15$W;S34/15$NW;S33/14$NW;S32/13$NW;S31/12$NW;S30/11$NW;S29/10$NW;Einfahrt Gl. 10-14$NW;S27/8$NW;S26/7$NW;S25/6$NW;S24/5$NW;S23/4$NW;S22/3$NW;S21/2$NW;S20/1$NW;S19/0$W;S18/0$W;Gleis 14
b;b;b;b;b;b;von Alfeld$W;S36/14$SW;S35/15$W;S34/15$NW;S33/14$NW;S32/13$NW;S31/12$NW;S30/11$NW;S29/10$NW;Einfahrt Gl. 10-14$NW;S27/8$W;S26/8$W;S25/8$NW;S24/7$NW;S23/6$NW;S22/5$NW;S21/4$NW;S20/3$NW;S19/2$W;S18/2$W;Gleis 13
b;b;b;b;b;b;von Alfeld$W;S36/14$SW;S35/15$W;S34/15$NW;S33/14$NW;S32/13$NW;S31/12$NW;S30/11$NW;S29/10$NW;Einfahrt Gl. 10-14$NW;S27/8$W;S26/8$W;S25/8$NW;S24/7$NW;S23/6$NW;S22/5$NW;S21/4$W;S20/4$W;S19/4$W;S18/4$W;Gleis 12
b;b;b;b;b;b;von Alfeld$W;S36/14$SW;S35/15$W;S34/15$NW;S33/14$NW;S32/13$NW;S31/12$NW;S30/11$NW;S29/10$NW;Einfahrt Gl. 10-14$NW;S27/8$W;S26/8$W;S25/8$W;S24/8$W;S23/8$NW;S22/7$NW;S21/6$W;S20/6$W;S19/6$W;S18/6$W;Gleis 11
b;b;b;b;b;b;von Alfeld$W;S36/14$SW;S35/15$W;S34/15$NW;S33/14$NW;S32/13$NW;S31/12$NW;S30/11$NW;S29/10$NW;Einfahrt Gl. 10-14$NW;S27/8$W;S26/8$W;S25/8$W;S24/8$W;S23/8$W;S22/8$W;S21/8$W;S20/8$W;S19/8$W;S18/8$W;Gleis 10
b;b;b;b;b;b;von Alfeld$W;S36/14$SW;S35/15$W;S34/15$NW;S33/14$NW;S32/13$NW;S31/12$NW;S30/11$W;S29/11$W;S28/11$W;S27/11$W;S26/11$W;S25/11$W;S24/11$W;S23/11$W;S22/11$NW;S21/10$W;S20/10$W;S19/10$W;S18/10$W;Gleis 9
b;b;b;b;b;b;von Alfeld$W;S36/14$SW;S35/15$W;S34/15$W;S33/15$W;S32/15$W;S31/15$W;S30/15$W;S29/15$W;S28/15$W;S27/15$W;S26/15$NW;S25/14$NW;S24/13$NW;S23/12$W;S22/12$W;S21/12$W;S20/12$W;S19/12$W;S18/12$W;Gleis 8
b;b;b;b;b;b;von Alfeld$W;S36/14$SW;S35/15$W;S34/15$W;S33/15$W;S32/15$W;S31/15$W;S30/15$W;S29/15$W;S28/15$W;S27/15$W;S26/15$NW;S25/14$W;S24/14$W;S23/14$W;S22/14$W;S21/14$W;S20/14$W;S19/14$W;S18/14$W;Gleis 7
b;b;b;b;b;b;von Alfeld$W;S36/14$SW;S35/15$W;S34/15$W;S33/15$W;S32/15$W;S31/15$W;S30/15$W;S29/15$W;S28/15$W;S27/15$W;S26/15$W;S25/15$W;S24/15$W;S23/15$W;S22/15$W;S21/15$SW;S20/16$W;S19/16$W;S18/16$W;Gleis 4
b;b;b;b;b;b;von Alfeld$W;S36/14$SW;S35/15$W;S34/15$W;S33/15$W;S32/15$W;S31/15$SW;S30/16$W;S29/16$W;S28/16$W;S27/16$W;S26/16$SW;S25/17$SW;S24/18$W;S23/18$W;S22/18$W;S21/18$W;S20/18$W;S19/18$W;S18/18$W;Gleis 3
b;b;b;b;b;b;von Alfeld$W;S36/14$SW;S35/15$W;S34/15$NW;S33/14$NW;S32/13$NW;S31/12$W;Einfahrt Gl. 3-8;;;;;;;;;;;;;
b;b;b;b;b;b;von Alfeld$W;S36/14$SW;S35/15$W;S34/15$NW;S33/14$NW;S32/13$NW;S31/12$NW;S30/11$NW;S29/10$NW;Einfahrt Gl. 10-14$NW;S27/8$W;S26/8$SW;Einfahrt Gl. 8/9;;;;;;;;
b;b;b;b;b;b;von Alfeld$W;S36/14$SW;S35/15$W;S34/15$NW;S33/14$NW;S32/13$NW;S31/12$NW;S30/11$NW;S29/10$NW;Einfahrt Gl. 10-14;;;;;;;;;;;
b;b;b;b;b;b;von SFS$W;S36/15$W;S35/15$W;S34/15$NW;S33/14$NW;S32/13$NW;S31/12$NW;S30/11$NW;S29/10$NW;Einfahrt Gl. 10-14$NW;S27/8$NW;S26/7$NW;S25/6$NW;S24/5$NW;S23/4$NW;S22/3$NW;S21/2$NW;S20/1$NW;S19/0$W;S18/0$W;Gleis 14
b;b;b;b;b;b;von SFS$W;S36/15$W;S35/15$W;S34/15$NW;S33/14$NW;S32/13$NW;S31/12$NW;S30/11$NW;S29/10$NW;Einfahrt Gl. 10-14$NW;S27/8$W;S26/8$W;S25/8$NW;S24/7$NW;S23/6$NW;S22/5$NW;S21/4$NW;S20/3$NW;S19/2$W;S18/2$W;Gleis 13
b;b;b;b;b;b;von SFS$W;S36/15$W;S35/15$W;S34/15$NW;S33/14$NW;S32/13$NW;S31/12$NW;S30/11$NW;S29/10$NW;Einfahrt Gl. 10-14$NW;S27/8$W;S26/8$W;S25/8$NW;S24/7$NW;S23/6$NW;S22/5$NW;S21/4$W;S20/4$W;S19/4$W;S18/4$W;Gleis 12
b;b;b;b;b;b;von SFS$W;S36/15$W;S35/15$W;S34/15$NW;S33/14$NW;S32/13$NW;S31/12$NW;S30/11$NW;S29/10$NW;Einfahrt Gl. 10-14$NW;S27/8$W;S26/8$W;S25/8$W;S24/8$W;S23/8$NW;S22/7$NW;S21/6$W;S20/6$W;S19/6$W;S18/6$W;Gleis 11
b;b;b;b;b;b;von SFS$W;S36/15$W;S35/15$W;S34/15$NW;S33/14$NW;S32/13$NW;S31/12$NW;S30/11$NW;S29/10$NW;Einfahrt Gl. 10-14$NW;S27/8$W;S26/8$W;S25/8$W;S24/8$W;S23/8$W;S22/8$W;S21/8$W;S20/8$W;S19/8$W;S18/8$W;Gleis 10
b;b;b;b;b;b;von SFS$W;S36/15$W;S35/15$W;S34/15$NW;S33/14$NW;S32/13$NW;S31/12$NW;S30/11$W;S29/11$W;S28/11$W;S27/11$W;S26/11$W;S25/11$W;S24/11$W;S23/11$W;S22/11$NW;S21/10$W;S20/10$W;S19/10$W;S18/10$W;Gleis 9
b;b;b;b;b;b;von SFS$W;S36/15$W;S35/15$W;S34/15$W;S33/15$W;S32/15$W;S31/15$W;S30/15$W;S29/15$W;S28/15$W;S27/15$W;S26/15$NW;S25/14$NW;S24/13$NW;S23/12$W;S22/12$W;S21/12$W;S20/12$W;S19/12$W;S18/12$W;Gleis 8
b;b;b;b;b;b;von SFS$W;S36/15$W;S35/15$W;S34/15$W;S33/15$W;S32/15$W;S31/15$W;S30/15$W;S29/15$W;S28/15$W;S27/15$W;S26/15$NW;S25/14$W;S24/14$W;S23/14$W;S22/14$W;S21/14$W;S20/14$W;S19/14$W;S18/14$W;Gleis 7
b;b;b;b;b;b;von SFS$W;S36/15$W;S35/15$W;S34/15$W;S33/15$W;S32/15$W;S31/15$W;S30/15$W;S29/15$W;S28/15$W;S27/15$W;S26/15$W;S25/15$W;S24/15$W;S23/15$W;S22/15$W;S21/15$SW;S20/16$W;S19/16$W;S18/16$W;Gleis 4
b;b;b;b;b;b;von SFS$W;S36/15$W;S35/15$W;S34/15$W;S33/15$W;S32/15$W;S31/15$SW;S30/16$W;S29/16$W;S28/16$W;S27/16$W;S26/16$SW;S25/17$SW;S24/18$W;S23/18$W;S22/18$W;S21/18$W;S20/18$W;S19/18$W;S18/18$W;Gleis 3
b;b;b;b;b;b;von SFS$W;S36/15$W;S35/15$W;S34/15$NW;S33/14$NW;S32/13$NW;S31/12$W;Einfahrt Gl. 3-8;;;;;;;;;;;;;
b;b;b;b;b;b;von SFS$W;S36/15$W;S35/15$W;S34/15$NW;S33/14$NW;S32/13$NW;S31/12$NW;S30/11$NW;S29/10$NW;Einfahrt Gl. 10-14$NW;S27/8$W;S26/8$SW;Einfahrt Gl. 8/9;;;;;;;;
b;b;b;b;b;b;von SFS$W;S36/15$W;S35/15$W;S34/15$NW;S33/14$NW;S32/13$NW;S31/12$NW;S30/11$NW;S29/10$NW;Einfahrt Gl. 10-14;;;;;;;;;;;
b;b;b;b;b;b;von Langenhagen$O;S1/10$NO;S2/9$NO;S3/8$NO;S4/7$NO;S5/6$O;S6/6$O;S7/6$O;S8/6$NO;S9/5$NO;S10/4$NO;S11/3$NO;S12/2$NO;S13/1$NO;S14/0$O;S15/0$O;S16/0$O;Gleis 14;;;
b;b;b;b;b;b;von Langenhagen$O;S1/10$NO;S2/9$NO;S3/8$NO;S4/7$NO;S5/6$O;S6/6$O;S7/6$O;S8/6$O;S9/6$O;S10/6$O;S11/6$NO;S12/5$NO;S13/4$NO;S14/3$NO;S15/2$O;S16/2$O;Gleis 13;;;
b;b;b;b;b;b;von Langenhagen$O;S1/10$NO;S2/9$NO;S3/8$NO;S4/7$NO;S5/6$O;S6/6$O;S7/6$O;S8/6$O;S9/6$O;S10/6$O;S11/6$O;S12/6$O;S13/6$NO;S14/5$NO;S15/4$O;S16/4$O;Gleis 12;;;
b;b;b;b;b;b;von Langenhagen$O;S1/10$NO;S2/9$NO;S3/8$NO;S4/7$NO;S5/6$O;S6/6$O;S7/6$O;S8/6$O;S9/6$O;S10/6$O;S11/6$O;S12/6$O;S13/6$O;S14/6$O;S15/6$O;S16/6$O;Gleis 11;;;
b;b;b;b;b;b;von Langenhagen$O;S1/10$O;S2/10$O;S3/10$O;S4/10$O;S5/10$O;S6/10$O;S7/10$O;S8/10$O;S9/10$O;S10/10$O;S11/10$O;S12/10$O;S13/10$NO;S14/9$NO;S15/8$O;S16/8$O;Gleis 10;;;
b;b;b;b;b;b;von Langenhagen$O;S1/10$O;S2/10$O;S3/10$O;S4/10$O;S5/10$O;S6/10$O;S7/10$O;S8/10$O;S9/10$O;S10/10$O;S11/10$O;S12/10$O;S13/10$O;S14/10$O;S15/10$O;S16/10$O;Gleis 9;;;
b;b;b;b;b;b;von Langenhagen$O;S1/10$O;S2/10$O;S3/10$O;S4/10$O;S5/10$O;S6/10$O;S7/10$O;S8/10$O;S9/10$SO;S10/11$SO;S11/12$O;S12/12$O;S13/12$O;S14/12$O;S15/12$O;S16/12$O;Gleis 8;;;
b;b;b;b;b;b;von Langenhagen$O;S1/10$O;S2/10$O;S3/10$O;S4/10$O;S5/10$O;S6/10$O;S7/10$O;S8/10$O;S9/10$O;S10/10$SO;S11/11$SO;S12/12$SO;S13/13$SO;S14/14$O;S15/14$O;S16/14$O;Gleis 7;;;
b;b;b;b;b;b;von Langenhagen$O;S1/10$O;S2/10$O;S3/10$O;S4/10$O;S5/10$O;S6/10$O;S7/10$O;S8/10$O;S9/10$SO;S10/11$SO;S11/12$SO;S12/13$SO;S13/14$SO;S14/15$SO;S15/16$O;S16/16$O;Gleis 4;;;
b;b;b;b;b;b;von Langenhagen$O;S1/10$O;S2/10$O;S3/10$O;S4/10$O;S5/10$O;S6/10$O;S7/10$O;S8/10$O;S9/10$SO;S10/11$S;S10/12$SO;S11/13$SO;S12/14$SO;S13/15$SO;S14/16$SO;S15/17$SO;S16/18$O;Gleis 3;;
b;b;b;b;b;b;von Wunstorf$O;S1/4$O;S2/4$O;S3/4$O;S4/4$O;S5/4$O;S6/4$O;S7/4$O;S8/4$O;S9/4$O;S10/4$NO;S11/3$NO;S12/2$NO;S13/1$NO;S14/0$O;S15/0$O;S16/0$O;Gleis 14;;;
b;b;b;b;b;b;von Wunstorf$O;S1/4$O;S2/4$O;S3/4$O;S4/4$SO;S5/5$SO;S6/6$O;S7/6$O;S8/6$O;S9/6$O;S10/6$O;S11/6$NO;S12/5$NO;S13/4$NO;S14/3$NO;S15/2$O;S16/2$O;Gleis 13;;;
b;b;b;b;b;b;von Wunstorf$O;S1/4$O;S2/4$O;S3/4$O;S4/4$SO;S5/5$SO;S6/6$O;S7/6$O;S8/6$O;S9/6$O;S10/6$O;S11/6$O;S12/6$O;S13/6$NO;S14/5$NO;S15/4$O;S16/4$O;Gleis 12;;;
b;b;b;b;b;b;von Wunstorf$O;S1/4$O;S2/4$O;S3/4$O;S4/4$SO;S5/5$SO;S6/6$O;S7/6$O;S8/6$O;S9/6$O;S10/6$O;S11/6$O;S12/6$O;S13/6$O;S14/6$O;S15/6$O;S16/6$O;Gleis 11;;;
b;b;b;b;b;b;von Wunstorf$O;S1/4$O;S2/4$O;S3/4$O;S4/4$SO;S5/5$SO;S6/6$SO;S7/7$SO;S8/8$O;S9/8$O;S10/8$O;S11/8$O;S12/8$O;S13/8$O;S14/8$O;S15/8$O;S16/8$O;Gleis 10;;;
b;b;b;b;b;b;von Wunstorf$O;S1/4$O;S2/4$O;S3/4$O;S4/4$SO;S5/5$SO;S6/6$SO;S7/7$SO;S8/8$SO;S9/9$SO;S10/10$O;S11/10$O;S12/10$O;S13/10$O;S14/10$O;S15/10$O;S16/10$O;Gleis 9;;;
b;b;b;b;b;b;von Wunstorf$O;S1/4$O;S2/4$O;S3/4$O;S4/4$SO;S5/5$SO;S6/6$SO;S7/7$SO;S8/8$SO;S9/9$SO;S10/10$SO;S11/11$SO;S12/12$O;S13/12$O;S14/12$O;S15/12$O;S16/12$O;Gleis 8;;;
b;b;b;b;b;b;von Wunstorf$O;S1/4$O;S2/4$O;S3/4$O;S4/4$SO;S5/5$SO;S6/6$SO;S7/7$SO;S8/8$SO;S9/9$SO;S10/10$SO;S11/11$SO;S12/12$SO;S13/13$SO;S14/14$O;S15/14$O;S16/14$O;Gleis 7;;;
b;b;b;b;b;b;von Wunstorf$O;S1/4$O;S2/4$SO;S3/5$SO;S4/6$O;S5/6$O;S6/6$SO;S7/7$S;S7/8$SO;S8/9$SO;S9/10$SO;S10/11$SO;S11/12$SO;S12/13$SO;S13/14$SO;S14/15$SO;S15/16$O;S16/16$O;Gleis 4;;
b;b;b;b;b;b;von Wunstorf$O;S1/4$O;S2/4$SO;S3/5$SO;S4/6$O;S5/6$O;S6/6$SO;S7/7$S;S7/8$SO;S8/9$SO;S9/10$SO;S10/11$S;S10/12$SO;S11/13$SO;S12/14$SO;S13/15$SO;S14/16$SO;S15/17$SO;S16/18$O;Gleis 3;
;;;;;;nach Alfeld$W;S36/17$NW;S35/16$NW;S34/15$NW;S33/14$NW;S32/13$NW;S31/12$NW;S30/11$NW;S29/10$NW;Einfahrt Gl. 10-14$NW;S27/8$NW;S26/7$NW;S25/6$NW;S24/5$NW;S23/4$NW;S22/3$NW;S21/2$NW;S20/1$NW;S19/0$W;S18/0$W;Gleis 14
;;;;;;nach Alfeld$W;S36/17$NW;S35/16$NW;S34/15$NW;S33/14$NW;S32/13$NW;S31/12$NW;S30/11$NW;S29/10$NW;Einfahrt Gl. 10-14$NW;S27/8$W;S26/8$W;S25/8$NW;S24/7$NW;S23/6$NW;S22/5$NW;S21/4$NW;S20/3$NW;S19/2$W;S18/2$W;Gleis 13
;;;;;;nach Alfeld$W;S36/17$NW;S35/16$NW;S34/15$NW;S33/14$NW;S32/13$NW;S31/12$NW;S30/11$NW;S29/10$NW;Einfahrt Gl. 10-14$NW;S27/8$W;S26/8$W;S25/8$NW;S24/7$NW;S23/6$NW;S22/5$NW;S21/4$W;S20/4$W;S19/4$W;S18/4$W;Gleis 12
;;;;;;nach Alfeld$W;S36/17$NW;S35/16$NW;S34/15$NW;S33/14$NW;S32/13$NW;S31/12$NW;S30/11$NW;S29/10$NW;Einfahrt Gl. 10-14$NW;S27/8$W;S26/8$W;S25/8$W;S24/8$W;S23/8$NW;S22/7$NW;S21/6$W;S20/6$W;S19/6$W;S18/6$W;Gleis 11
;;;;;;nach Alfeld$W;S36/17$NW;S35/16$NW;S34/15$NW;S33/14$NW;S32/13$NW;S31/12$NW;S30/11$NW;S29/10$NW;Einfahrt Gl. 10-14$NW;S27/8$W;S26/8$W;S25/8$W;S24/8$W;S23/8$W;S22/8$W;S21/8$W;S20/8$W;S19/8$W;S18/8$W;Gleis 10
;;;;;;nach Alfeld$W;S36/17$NW;S35/16$NW;S34/15$NW;S33/14$NW;S32/13$NW;S31/12$NW;S30/11$W;S29/11$W;S28/11$W;S27/11$W;S26/11$W;S25/11$W;S24/11$W;S23/11$W;S22/11$NW;S21/10$W;S20/10$W;S19/10$W;S18/10$W;Gleis 9
;;;;;;nach Alfeld$W;S36/17$NW;S35/16$NW;S34/15$W;S33/15$W;S32/15$W;S31/15$W;S30/15$W;S29/15$W;S28/15$W;S27/15$W;S26/15$NW;S25/14$NW;S24/13$NW;S23/12$W;S22/12$W;S21/12$W;S20/12$W;S19/12$W;S18/12$W;Gleis 8
;;;;;;nach Alfeld$W;S36/17$NW;S35/16$NW;S34/15$W;S33/15$W;S32/15$W;S31/15$W;S30/15$W;S29/15$W;S28/15$W;S27/15$W;S26/15$NW;S25/14$W;S24/14$W;S23/14$W;S22/14$W;S21/14$W;S20/14$W;S19/14$W;S18/14$W;Gleis 7
;;;;;;nach Alfeld$W;S36/17$NW;S35/16$W;S34/16$W;S33/16$W;S32/16$W;S31/16$W;S30/16$W;S29/16$W;S28/16$W;S27/16$W;S26/16$W;S25/16$W;S24/16$W;S23/16$W;S22/16$W;S21/16$W;S20/16$W;S19/16$W;S18/16$W;Gleis 4
;;;;;;nach Alfeld$W;S36/17$NW;S35/16$W;S34/16$W;S33/16$W;S32/16$W;S31/16$W;S30/16$W;S29/16$W;S28/16$W;S27/16$W;S26/16$SW;S25/17$SW;S24/18$W;S23/18$W;S22/18$W;S21/18$W;S20/18$W;S19/18$W;S18/18$W;Gleis 3
;;;;;;nach Alfeld$W;S36/17$NW;S35/16$NW;S34/15$NW;S33/14$NW;S32/13$NW;S31/12$W;Einfahrt Gl. 3-8;;;;;;;;;;;;;
;;;;;;nach Alfeld$W;S36/17$NW;S35/16$NW;S34/15$NW;S33/14$NW;S32/13$NW;S31/12$NW;S30/11$NW;S29/10$NW;Einfahrt Gl. 10-14$NW;S27/8$W;S26/8$SW;Einfahrt Gl. 8/9;;;;;;;;
;;;;;;nach Alfeld$W;S36/17$NW;S35/16$NW;S34/15$NW;S33/14$NW;S32/13$NW;S31/12$NW;S30/11$NW;S29/10$NW;Einfahrt Gl. 10-14;;;;;;;;;;;
;;;;;;nach Langenhagen$O;S1/8$O;S2/8$O;S3/8$NO;S4/7$NO;S5/6$O;S6/6$O;S7/6$O;S8/6$NO;S9/5$NO;S10/4$NO;S11/3$NO;S12/2$NO;S13/1$NO;S14/0$O;S15/0$O;S16/0$O;Gleis 14;;;
;;;;;;nach Langenhagen$O;S1/8$O;S2/8$O;S3/8$NO;S4/7$NO;S5/6$O;S6/6$O;S7/6$O;S8/6$O;S9/6$O;S10/6$O;S11/6$NO;S12/5$NO;S13/4$NO;S14/3$NO;S15/2$O;S16/2$O;Gleis 13;;;
;;;;;;nach Langenhagen$O;S1/8$O;S2/8$O;S3/8$NO;S4/7$NO;S5/6$O;S6/6$O;S7/6$O;S8/6$O;S9/6$O;S10/6$O;S11/6$O;S12/6$O;S13/6$NO;S14/5$NO;S15/4$O;S16/4$O;Gleis 12;;;
;;;;;;nach Langenhagen$O;S1/8$O;S2/8$O;S3/8$NO;S4/7$NO;S5/6$O;S6/6$O;S7/6$O;S8/6$O;S9/6$O;S10/6$O;S11/6$O;S12/6$O;S13/6$O;S14/6$O;S15/6$O;S16/6$O;Gleis 11;;;
;;;;;;nach Langenhagen$O;S1/8$O;S2/8$O;S3/8$O;S4/8$SO;S5/9$SO;S6/10$O;S7/10$O;S8/10$O;S9/10$O;S10/10$O;S11/10$O;S12/10$O;S13/10$NO;S14/9$NO;S15/8$O;S16/8$O;Gleis 10;;;
;;;;;;nach Langenhagen$O;S1/8$O;S2/8$O;S3/8$O;S4/8$SO;S5/9$SO;S6/10$O;S7/10$O;S8/10$O;S9/10$O;S10/10$O;S11/10$O;S12/10$O;S13/10$O;S14/10$O;S15/10$O;S16/10$O;Gleis 9;;;
;;;;;;nach Langenhagen$O;S1/8$O;S2/8$O;S3/8$O;S4/8$SO;S5/9$SO;S6/10$O;S7/10$O;S8/10$O;S9/10$SO;S10/11$SO;S11/12$O;S12/12$O;S13/12$O;S14/12$O;S15/12$O;S16/12$O;Gleis 8;;;
;;;;;;nach Langenhagen$O;S1/8$O;S2/8$O;S3/8$O;S4/8$SO;S5/9$SO;S6/10$O;S7/10$O;S8/10$O;S9/10$O;S10/10$SO;S11/11$SO;S12/12$SO;S13/13$SO;S14/14$O;S15/14$O;S16/14$O;Gleis 7;;;
;;;;;;nach Langenhagen$O;S1/8$O;S2/8$O;S3/8$O;S4/8$SO;S5/9$SO;S6/10$O;S7/10$O;S8/10$O;S9/10$SO;S10/11$SO;S11/12$SO;S12/13$SO;S13/14$SO;S14/15$SO;S15/16$O;S16/16$O;Gleis 4;;;
;;;;;;nach Langenhagen$O;S1/8$O;S2/8$O;S3/8$O;S4/8$SO;S5/9$SO;S6/10$O;S7/10$O;S8/10$O;S9/10$SO;S10/11$S;S10/12$SO;S11/13$SO;S12/14$SO;S13/15$SO;S14/16$SO;S15/17$SO;S16/18$O;Gleis 3;;
;;;;;;nach Lehrte$W;S36/8$W;S35/8$W;S34/8$W;S33/8$W;S32/8$W;S31/8$W;S30/8$W;S29/8$W;S28/8$W;S27/8$NW;S26/7$NW;S25/6$NW;S24/5$NW;S23/4$NW;S22/3$NW;S21/2$NW;S20/1$NW;S19/0$W;S18/0$W;Gleis 14
;;;;;;nach Lehrte$W;S36/8$W;S35/8$W;S34/8$W;S33/8$W;S32/8$W;S31/8$W;S30/8$W;S29/8$W;S28/8$W;S27/8$W;S26/8$W;S25/8$NW;S24/7$NW;S23/6$NW;S22/5$NW;S21/4$NW;S20/3$NW;S19/2$W;S18/2$W;Gleis 13
;;;;;;nach Lehrte$W;S36/8$W;S35/8$W;S34/8$W;S33/8$W;S32/8$W;S31/8$W;S30/8$W;S29/8$W;S28/8$W;S27/8$W;S26/8$W;S25/8$NW;S24/7$NW;S23/6$NW;S22/5$NW;S21/4$W;S20/4$W;S19/4$W;S18/4$W;Gleis 12
;;;;;;nach Lehrte$W;S36/8$W;S35/8$W;S34/8$W;S33/8$W;S32/8$W;S31/8$W;S30/8$W;S29/8$W;S28/8$W;S27/8$W;S26/8$W;S25/8$W;S24/8$W;S23/8$NW;S22/7$NW;S21/6$W;S20/6$W;S19/6$W;S18/6$W;Gleis 11
;;;;;;nach Lehrte$W;S36/8$W;S35/8$W;S34/8$W;S33/8$W;S32/8$W;S31/8$W;S30/8$W;S29/8$W;S28/8$W;S27/8$W;S26/8$W;S25/8$W;S24/8$W;S23/8$W;S22/8$W;S21/8$W;S20/8$W;S19/8$W;S18/8$W;Gleis 10
;;;;;;nach Lehrte$W;S36/8$W;S35/8$W;S34/8$SW;S33/9$SW;S32/10$SW;S31/11$W;S30/11$W;S29/11$W;S28/11$W;S27/11$W;S26/11$W;S25/11$W;S24/11$W;S23/11$W;S22/11$NW;S21/10$W;S20/10$W;S19/10$W;S18/10$W;Gleis 9
;;;;;;nach Lehrte$W;S36/8$W;S35/8$W;S34/8$SW;S33/9$SW;S32/10$SW;S31/11$W;S30/11$W;S29/11$W;S28/11$W;S27/11$W;S26/11$W;S25/11$W;S24/11$W;S23/11$SW;S22/12$W;S21/12$W;S20/12$W;S19/12$W;S18/12$W;Gleis 8
;;;;;;nach Lehrte$W;S36/8$W;S35/8$W;S34/8$SW;S33/9$SW;S32/10$SW;S31/11$W;S30/11$W;S29/11$SW;S28/12$SW;S27/13$SW;S26/14$W;S25/14$W;S24/14$W;S23/14$W;S22/14$W;S21/14$W;S20/14$W;S19/14$W;S18/14$W;Gleis 7
;;;;;;nach Lehrte$W;S36/8$W;S35/8$W;S34/8$SW;S33/9$SW;S32/10$SW;S31/11$W;S30/11$W;S29/11$SW;S28/12$SW;S27/13$SW;S26/14$W;S25/14$W;S24/14$W;S23/14$W;S22/14$SW;S21/15$SW;S20/16$W;S19/16$W;S18/16$W;Gleis 4
;;;;;;nach Lehrte$W;S36/8$SW;S35/9$SW;S34/10$SW;S33/11$SW;S32/12$W;S31/12$W;Einfahrt Gl. 3-8$SW;S29/13$SW;S28/14$SW;S27/15$SW;S26/16$SW;S25/17$SW;S24/18$W;S23/18$W;S22/18$W;S21/18$W;S20/18$W;S19/18$W;S18/18$W;Gleis 3
;;;;;;nach Lehrte$W;S36/8$SW;S35/9$SW;S34/10$SW;S33/11$SW;S32/12$W;S31/12$W;Einfahrt Gl. 3-8;;;;;;;;;;;;;
;;;;;;nach Lehrte$W;S36/8$W;S35/8$W;S34/8$W;S33/8$W;S32/8$W;S31/8$W;S30/8$W;S29/8$W;S28/8$W;S27/8$W;S26/8$SW;Einfahrt Gl. 8/9;;;;;;;;
;;;;;;nach Lehrte$W;S36/8$W;S35/8$W;S34/8$SW;S33/9$SW;S32/10$SW;S31/11$W;S30/11$NW;S29/10$NW;Einfahrt Gl. 10-14;;;;;;;;;;;
;;;;;;nach SFS$W;S36/16$W;S35/16$NW;S34/15$NW;S33/14$NW;S32/13$NW;S31/12$NW;S30/11$NW;S29/10$NW;Einfahrt Gl. 10-14$NW;S27/8$NW;S26/7$NW;S25/6$NW;S24/5$NW;S23/4$NW;S22/3$NW;S21/2$NW;S20/1$NW;S19/0$W;S18/0$W;Gleis 14
;;;;;;nach SFS$W;S36/16$W;S35/16$NW;S34/15$NW;S33/14$NW;S32/13$NW;S31/12$NW;S30/11$NW;S29/10$NW;Einfahrt Gl. 10-14$NW;S27/8$W;S26/8$W;S25/8$NW;S24/7$NW;S23/6$NW;S22/5$NW;S21/4$NW;S20/3$NW;S19/2$W;S18/2$W;Gleis 13
;;;;;;nach SFS$W;S36/16$W;S35/16$NW;S34/15$NW;S33/14$NW;S32/13$NW;S31/12$NW;S30/11$NW;S29/10$NW;Einfahrt Gl. 10-14$NW;S27/8$W;S26/8$W;S25/8$NW;S24/7$NW;S23/6$NW;S22/5$NW;S21/4$W;S20/4$W;S19/4$W;S18/4$W;Gleis 12
;;;;;;nach SFS$W;S36/16$W;S35/16$NW;S34/15$NW;S33/14$NW;S32/13$NW;S31/12$NW;S30/11$NW;S29/10$NW;Einfahrt Gl. 10-14$NW;S27/8$W;S26/8$W;S25/8$W;S24/8$W;S23/8$NW;S22/7$NW;S21/6$W;S20/6$W;S19/6$W;S18/6$W;Gleis 11
;;;;;;nach SFS$W;S36/16$W;S35/16$NW;S34/15$NW;S33/14$NW;S32/13$NW;S31/12$NW;S30/11$NW;S29/10$NW;Einfahrt Gl. 10-14$NW;S27/8$W;S26/8$W;S25/8$W;S24/8$W;S23/8$W;S22/8$W;S21/8$W;S20/8$W;S19/8$W;S18/8$W;Gleis 10
;;;;;;nach SFS$W;S36/16$W;S35/16$NW;S34/15$NW;S33/14$NW;S32/13$NW;S31/12$NW;S30/11$W;S29/11$W;S28/11$W;S27/11$W;S26/11$W;S25/11$W;S24/11$W;S23/11$W;S22/11$NW;S21/10$W;S20/10$W;S19/10$W;S18/10$W;Gleis 9
;;;;;;nach SFS$W;S36/16$W;S35/16$NW;S34/15$W;S33/15$W;S32/15$W;S31/15$W;S30/15$W;S29/15$W;S28/15$W;S27/15$W;S26/15$NW;S25/14$NW;S24/13$NW;S23/12$W;S22/12$W;S21/12$W;S20/12$W;S19/12$W;S18/12$W;Gleis 8
;;;;;;nach SFS$W;S36/16$W;S35/16$NW;S34/15$W;S33/15$W;S32/15$W;S31/15$W;S30/15$W;S29/15$W;S28/15$W;S27/15$W;S26/15$NW;S25/14$W;S24/14$W;S23/14$W;S22/14$W;S21/14$W;S20/14$W;S19/14$W;S18/14$W;Gleis 7
;;;;;;nach SFS$W;S36/16$W;S35/16$W;S34/16$W;S33/16$W;S32/16$W;S31/16$W;S30/16$W;S29/16$W;S28/16$W;S27/16$W;S26/16$W;S25/16$W;S24/16$W;S23/16$W;S22/16$W;S21/16$W;S20/16$W;S19/16$W;S18/16$W;Gleis 4
;;;;;;nach SFS$W;S36/16$W;S35/16$W;S34/16$W;S33/16$W;S32/16$W;S31/16$W;S30/16$W;S29/16$W;S28/16$W;S27/16$W;S26/16$SW;S25/17$SW;S24/18$W;S23/18$W;S22/18$W;S21/18$W;S20/18$W;S19/18$W;S18/18$W;Gleis 3
;;;;;;nach SFS$W;S36/16$W;S35/16$NW;S34/15$NW;S33/14$NW;S32/13$NW;S31/12$W;Einfahrt Gl. 3-8;;;;;;;;;;;;;
;;;;;;nach SFS$W;S36/16$W;S35/16$NW;S34/15$NW;S33/14$NW;S32/13$NW;S31/12$NW;S30/11$NW;S29/10$NW;Einfahrt Gl. 10-14$NW;S27/8$W;S26/8$SW;Einfahrt Gl. 8/9;;;;;;;;
;;;;;;nach SFS$W;S36/16$W;S35/16$NW;S34/15$NW;S33/14$NW;S32/13$NW;S31/12$NW;S30/11$NW;S29/10$NW;Einfahrt Gl. 10-14;;;;;;;;;;;
;;;;;;nach Wunstorf$O;S1/2$O;S2/2$O;S3/2$SO;S4/3$SO;S5/4$O;S6/4$O;S7/4$O;S8/4$O;S9/4$O;S10/4$NO;S11/3$NO;S12/2$NO;S13/1$NO;S14/0$O;S15/0$O;S16/0$O;Gleis 14;;;
;;;;;;nach Wunstorf$O;S1/2$SO;S2/3$O;S3/3$SO;S4/4$SO;S5/5$SO;S6/6$O;S7/6$O;S8/6$O;S9/6$O;S10/6$O;S11/6$NO;S12/5$NO;S13/4$NO;S14/3$NO;S15/2$O;S16/2$O;Gleis 13;;;
;;;;;;nach Wunstorf$O;S1/2$SO;S2/3$O;S3/3$SO;S4/4$SO;S5/5$SO;S6/6$O;S7/6$O;S8/6$O;S9/6$O;S10/6$O;S11/6$O;S12/6$O;S13/6$NO;S14/5$NO;S15/4$O;S16/4$O;Gleis 12;;;
;;;;;;nach Wunstorf$O;S1/2$SO;S2/3$O;S3/3$SO;S4/4$SO;S5/5$SO;S6/6$O;S7/6$O;S8/6$O;S9/6$O;S10/6$O;S11/6$O;S12/6$O;S13/6$O;S14/6$O;S15/6$O;S16/6$O;Gleis 11;;;
;;;;;;nach Wunstorf$O;S1/2$SO;S2/3$O;S3/3$SO;S4/4$SO;S5/5$SO;S6/6$SO;S7/7$SO;S8/8$O;S9/8$O;S10/8$O;S11/8$O;S12/8$O;S13/8$O;S14/8$O;S15/8$O;S16/8$O;Gleis 10;;;
;;;;;;nach Wunstorf$O;S1/2$SO;S2/3$O;S3/3$SO;S4/4$SO;S5/5$SO;S6/6$SO;S7/7$SO;S8/8$SO;S9/9$SO;S10/10$O;S11/10$O;S12/10$O;S13/10$O;S14/10$O;S15/10$O;S16/10$O;Gleis 9;;;
;;;;;;nach Wunstorf$O;S1/2$SO;S2/3$O;S3/3$SO;S4/4$SO;S5/5$SO;S6/6$SO;S7/7$SO;S8/8$SO;S9/9$SO;S10/10$SO;S11/11$SO;S12/12$O;S13/12$O;S14/12$O;S15/12$O;S16/12$O;Gleis 8;;;
;;;;;;nach Wunstorf$O;S1/2$SO;S2/3$O;S3/3$SO;S4/4$SO;S5/5$SO;S6/6$SO;S7/7$SO;S8/8$SO;S9/9$SO;S10/10$SO;S11/11$SO;S12/12$SO;S13/13$SO;S14/14$O;S15/14$O;S16/14$O;Gleis 7;;;
;;;;;;nach Wunstorf$O;S1/2$SO;S2/3$O;S3/3$SO;S4/4$SO;S5/5$SO;S6/6$SO;S7/7$S;S7/8$SO;S8/9$SO;S9/10$SO;S10/11$SO;S11/12$SO;S12/13$SO;S13/14$SO;S14/15$SO;S15/16$O;S16/16$O;Gleis 4;;
;;;;;;nach Wunstorf$O;S1/2$SO;S2/3$O;S3/3$SO;S4/4$SO;S5/5$SO;S6/6$SO;S7/7$S;S7/8$SO;S8/9$SO;S9/10$SO;S10/11$S;S10/12$SO;S11/13$SO;S12/14$SO;S13/15$SO;S14/16$SO;S15/17$SO;S16/18$O;Gleis 3;
