Gattung;Zugnummer;Hängt an Zugnummer$Flügelrichtung (v = nach vorne, h = nach hinten, ohne Angabe = kein Flügeln);Herkunft;Startbetriebsstelle;aus Richtung;Fahrtziel;Zielbetriebsstelle;Gleis;an;ab;min. Aufenthalt;rangiert um;weiter als;Vereinigt sich mit Zugnummern ($-getrennt);Kann das Gleis mit Zügen teilen (Zugnummern durch $ getrennt)
RE;4890;;Braunschweig Hbf;von Lehrte;O;Braunschweig Hbf;nach Lehrte;Gleis 12;00:00;00:12;5;;RE 4891;;
RE;14036;;Wolfsburg Hbf;von Lehrte;O;Hannover-Hainholz;nach Langenhagen;Gleis 13;00:07;00:19;2;;;;
RE;4400;;Rangierbahnhof Pferdeturm;Pferdeturm;O;Bremen Hbf;nach Wunstorf;Gleis 11;00:09;00:21;2;;;;
ICE;102;;Basel SBB;von Wunstorf;W;Rangierbahnhof Pferdeturm;Pferdeturm;Gleis 9;00:14;00:26;2;;;;
S3;34338;;Hildesheim Hbf;von Lehrte;O;Hildesheim Hbf;nach Lehrte;Gleis 14;00:19;00:35;5;;S3 34301;;
RE;4439;;Norddeich Mole;von Wunstorf;W;Rangierbahnhof Pferdeturm;Pferdeturm;Gleis 10;00:35;00:45;2;;;;
CNL;40447;447$v;Amsterdam Centraal;von Wunstorf;W;Koebenhavn H;nach Langenhagen;Gleis 9;01:41;02:36;5;02:10;;472;472$40456
EN;447;;Amsterdam Centraal;von Wunstorf;W;Warszawa Wschodnia;nach Lehrte;Gleis 10;01:41;02:40;2;;;;50472$50473
CNL;457;447;Amsterdam Centraal;von Wunstorf;W;Praha hl.n.;nach Lehrte;Gleis 10;01:41;02:40;2;;;;
CNL;472;;Basel SBB;von Alfeld;O;Koebenhavn H;nach Langenhagen;Gleis 9;01:58;02:36;2;;;;40447$40456
D;50472;472$h;Basel SBB;von Alfeld;O;Moskva Belorusskaja;nach Lehrte;Gleis 10;01:58;02:40;5;02:15;;447;447$50473
CNL;50473;473$h;Koebenhavn H;von Langenhagen;W;Praha hl.n.;nach Lehrte;Gleis 10;02:09;02:40;5;02:20;;447;447$50472
CNL;473;;Koebenhavn H;von Langenhagen;W;Basel SBB;nach Alfeld;Gleis 7;02:09;02:51;2;;;;40446
CNL;40473;473$v;Koebenhavn H;von Langenhagen;W;Amsterdam Centraal;nach Wunstorf;Gleis 8;02:09;03:02;5;02:25;;446;446
CNL;40456;446$v;Praha hl.n.;von Lehrte;O;Koebenhavn H;nach Langenhagen;Gleis 9;02:11;02:36;5;02:22;;472;472$40447
D;40446;446$h;Moskva Belorusskaja;von Lehrte;O;Basel SBB;nach Alfeld;Gleis 7;02:11;02:51;5;02:23;;473;473
EN;446;;Warszawa Wschodnia;von Lehrte;O;Amsterdam Centraal;nach Wunstorf;Gleis 8;02:11;03:02;2;;;;40473
CNL;456;446;Praha hl.n.;von Lehrte;O;Amsterdam Centraal;nach Wunstorf;Gleis 8;02:11;03:02;2;;;;
IC;2178;;Rangierbahnhof Pferdeturm;Pferdeturm;O;Hamburg-Altona;nach Langenhagen;Gleis 8;04:37;04:58;2;;;;
RE;4893;;Minden(Westf);von Wunstorf;W;Helmstedt;nach Lehrte;Gleis 10;04:42;04:48;2;;;;
S7;34009;;Celle;von Lehrte;O;Celle;nach Lehrte;Gleis 13;04:49;05:04;5;;S7 34010;;
IC;2233;;Rangierbahnhof Pferdeturm;Pferdeturm;O;Leipzig Hbf;nach Alfeld;Gleis 4;04:54;05:07;5;;;;
RE;4840;;Braunschweig Hbf;von Lehrte;O;Rheine;nach Wunstorf;Gleis 12;05:00;05:09;2;;;;
ICE;649;;Hannover-Hainholz;von Langenhagen;W;Berlin Ostbahnhof;nach Lehrte;Gleis 10;05:06;05:27;2;;;;
RE;4402;;Rangierbahnhof Pferdeturm;Pferdeturm;O;Norddeich Mole;nach Wunstorf;Gleis 12;05:09;05:21;2;;;;
ME;82811;;Uelzen;von Langenhagen;W;Göttingen;nach Alfeld;Gleis 7;05:10;05:36;2;;;;
ICE;591;;Hamburg-Altona;von Langenhagen;W;München Hbf;nach SFS;Gleis 4;05:13;05:20;2;;;;
S3;34300;;Hildesheim Hbf;von Lehrte;O;Hildesheim Hbf;nach Lehrte;Gleis 14;05:19;05:34;5;;S3 34303;;34600
CNL;1286;;München Ost;von Lehrte;O;Hamburg-Altona;nach Wunstorf;Gleis 9;05:20;05:30;2;;;;
ICE;103;;Hannover-Hainholz;von Langenhagen;W;Basel SBB;nach Wunstorf;Gleis 11;05:21;05:40;5;;;;
ME;82812;;Göttingen;von Alfeld;O;Uelzen;nach Langenhagen;Gleis 8;05:21;05:40;2;;;;
S6;34600;;Hannover-Hainholz;von Langenhagen;W;Celle;nach Lehrte;Gleis 14;05:26;05:41;2;;;;34300
RE;4401;;Bremen Hbf;von Wunstorf;W;Rangierbahnhof Pferdeturm;Pferdeturm;Gleis 10;05:34;05:45;2;;;;
RE;14061;;Rangierbahnhof Pferdeturm;Pferdeturm;O;Bad Harzburg;nach Alfeld;Gleis 3;05:34;05:46;5;;;;
RE;14001;;Hannover-Hainholz;von Langenhagen;W;Wolfsburg Hbf;nach Lehrte;Gleis 13;05:35;05:46;2;;;;
IC;2184;;Rangierbahnhof Pferdeturm;Pferdeturm;O;Ostseebad Binz;nach Langenhagen;Gleis 8;05:41;05:55;2;;;;
RE;4871;;Bielefeld Hbf;von Wunstorf;W;Braunschweig Hbf;nach Lehrte;Gleis 11;05:46;05:55;2;;;;
RE;14038;;Wolfsburg Hbf;von Lehrte;O;Hannover-Hainholz;nach Langenhagen;Gleis 13;05:46;05:58;2;;;;
IC;2275;;Rangierbahnhof Pferdeturm;Pferdeturm;O;Stuttgart Hbf;nach SFS;Gleis 7;05:47;06:01;5;;;;
S7;34011;;Celle;von Lehrte;O;Celle;nach Lehrte;Gleis 14;05:49;06:04;5;;S7 34012;;
RE;4872;;Braunschweig Hbf;von Lehrte;O;Bielefeld Hbf;nach Wunstorf;Gleis 12;06:00;06:09;2;;;;
RE;14060;;Goslar;von Alfeld;O;Rangierbahnhof Pferdeturm;Pferdeturm;Gleis 8;06:04;06:16;5;;;;
RE;4404;;Rangierbahnhof Pferdeturm;Pferdeturm;O;Bremen Hbf;nach Wunstorf;Gleis 12;06:05;06:17;2;;;;
RE;14000;;Wolfsburg Hbf;von Lehrte;O;Hannover-Hainholz;nach Langenhagen;Gleis 13;06:07;06:19;2;;;;
EN;490;;Wien Westbahnhof;von Alfeld;O;Hamburg-Altona;nach Langenhagen;Gleis 7;06:08;06:16;2;;;;
ME;82813;;Uelzen;von Langenhagen;W;Göttingen;nach Alfeld;Gleis 3;06:10;06:36;2;;;;
S6;34601;;Celle;von Lehrte;O;Celle;nach Lehrte;Gleis 14;06:10;06:41;5;;S6 34602;;
ICE;841;;Bremen Hbf;von Wunstorf;W;Berlin Ostbahnhof;nach Lehrte;Gleis 9;06:11;06:31;2;;;;
ICE;646;;Berlin Ostbahnhof;von Lehrte;O;Köln/Bonn Flughafen;nach Wunstorf;Gleis 11;06:13;06:21;2;;;;
ICE;656;646;Berlin Ostbahnhof;von Lehrte;O;Köln Hbf;nach Wunstorf;Gleis 11;06:13;06:21;2;;;;
ICE;581;;Hamburg Hbf;von Langenhagen;W;München Hbf;nach SFS;Gleis 4;06:17;06:26;2;;;;
ME;82814;;Göttingen;von Alfeld;O;Uelzen;nach Langenhagen;Gleis 7;06:18;06:40;2;;;;
S3;34302;;Hildesheim Hbf;von Lehrte;O;Hildesheim Hbf;nach Lehrte;Gleis 13;06:19;06:34;5;;S3 34305;;
IC;2447;;Rangierbahnhof Pferdeturm;Pferdeturm;O;Leipzig Hbf;nach Lehrte;Gleis 10;06:19;06:36;5;;;;
IC;2436;;Magdeburg Hbf;von Lehrte;O;Oldenburg(Oldb);nach Wunstorf;Gleis 12;06:21;06:45;2;;;;
CNL;478;455$v;Zürich HB;von SFS;O;Hamburg-Altona;nach Langenhagen;Gleis 8;06:25;06:35;2;;;;
IC;242;;Rangierbahnhof Pferdeturm;Pferdeturm;O;Amsterdam Centraal;nach Wunstorf;Gleis 11;06:25;06:40;2;;;;
CNL;455;;Paris Est;von SFS;O;Berlin Südkreuz;nach Lehrte;Gleis 8;06:25;06:40;5;;;;
ICE;571;;Hamburg-Altona;von Langenhagen;W;Stuttgart Hbf;nach SFS;Gleis 4;06:34;06:41;2;;;;
RE;4403;;Bremen Hbf;von Wunstorf;W;Rangierbahnhof Pferdeturm;Pferdeturm;Gleis 9;06:34;06:45;2;;;;
RE;14003;;Hannover-Hainholz;von Langenhagen;W;Wolfsburg Hbf;nach Lehrte;Gleis 13;06:35;06:46;2;;;;
RE;14841;;Minden(Westf);von Wunstorf;W;Rangierbahnhof Pferdeturm;Pferdeturm;Gleis 3;06:39;06:50;2;;;;
RE;14852;;Braunschweig Hbf;von Lehrte;O;Rangierbahnhof Pferdeturm;Pferdeturm;Gleis 10;06:39;06:51;5;;;;
RE;3603;;Hannover-Hainholz;von Langenhagen;W;Halle(Saale)Hbf;nach Alfeld;Gleis 7;06:40;06:51;2;;;;
IC;2186;;Hannover-Hainholz;von Langenhagen;W;Hamburg-Altona;nach Langenhagen;Gleis 8;06:43;07:00;5;;;;2176
RE;4841;;Osnabrück Hbf;von Wunstorf;W;Braunschweig Hbf;nach Lehrte;Gleis 9;06:46;06:55;2;;;;
RE;14040;;Wolfsburg Hbf;von Lehrte;O;Hannover-Hainholz;nach Langenhagen;Gleis 12;06:46;06:58;2;;;;
S7;34013;;Celle;von Lehrte;O;Celle;nach Lehrte;Gleis 14;06:49;07:04;5;;S7 34014;;
IC;2176;;Göttingen;von Alfeld;O;Rangierbahnhof Pferdeturm;Pferdeturm;Gleis 8;06:50;07:04;5;;;;2186
IC;2179;;Hamburg-Altona;von Langenhagen;W;Rangierbahnhof Pferdeturm;Pferdeturm;Gleis 3;06:53;07:05;2;;;;
RE;4842;;Braunschweig Hbf;von Lehrte;O;Rheine;nach Wunstorf;Gleis 12;07:00;07:09;2;;;;
RE;14062;;Bad Harzburg;von Alfeld;O;Rangierbahnhof Pferdeturm;Pferdeturm;Gleis 4;07:02;07:14;5;;;;
RE;14091;;Nienburg(Weser);von Wunstorf;W;Rangierbahnhof Pferdeturm;Pferdeturm;Gleis 9;07:04;07:15;2;;;;
RE;14002;;Wolfsburg Hbf;von Lehrte;O;Hannover-Hainholz;nach Langenhagen;Gleis 13;07:07;07:19;2;;;;
RE;4406;;Rangierbahnhof Pferdeturm;Pferdeturm;O;Norddeich Mole;nach Wunstorf;Gleis 11;07:09;07:21;2;;;;
ICE;1743;;Oldenburg(Oldb);von Wunstorf;W;Dresden Hbf;nach Lehrte;Gleis 10;07:10;07:36;2;;;;
ME;82815;;Uelzen;von Langenhagen;W;Uelzen;nach Langenhagen;Gleis 8;07:10;07:40;5;;ME 82816;;82866$82865
S6;34603;;Celle;von Lehrte;O;Celle;nach Lehrte;Gleis 14;07:10;07:41;5;;S6 34604;;
IC;2241;;Münster(Westf)Hbf;von Wunstorf;W;Berlin Ostbahnhof;nach Lehrte;Gleis 9;07:14;07:21;2;;;;
ICE;1097;;Hamburg-Altona;von Langenhagen;W;Darmstadt Hbf;nach SFS;Gleis 3;07:15;07:22;2;;;;
ME;82866;;Göttingen;von Alfeld;O;Göttingen;nach Alfeld;Gleis 8;07:18;07:36;5;;ME 82865;;82815$82816
IC;2013;;Magdeburg Hbf;von Lehrte;O;Oberstdorf;nach Wunstorf;Gleis 12;07:18;07:40;2;;;;
ICE;783;;Hamburg-Altona;von Langenhagen;W;München Hbf;nach SFS;Gleis 4;07:19;07:26;2;;;;
S3;34304;;Hildesheim Hbf;von Lehrte;O;Hildesheim Hbf;nach Lehrte;Gleis 14;07:19;07:34;5;;S3 34307;;34603
ICE;946;;Berlin Ostbahnhof;von Lehrte;O;Düsseldorf Hbf;nach Wunstorf;Gleis 11;07:23;07:31;2;;;;
ICE;956;946;Berlin Ostbahnhof;von Lehrte;O;Köln Hbf;nach Wunstorf;Gleis 11;07:23;07:31;2;;;;
ICE;541;;Köln Hbf;von Wunstorf;W;Berlin Ostbahnhof;nach Lehrte;Gleis 9;07:24;07:31;2;;;;
ICE;988;;Frankfurt(Main)Hbf;von SFS;O;Hamburg-Altona;nach Langenhagen;Gleis 7;07:27;07:36;2;;;;
ICE;636;;Rangierbahnhof Pferdeturm;Pferdeturm;O;Bremen Hbf;nach Wunstorf;Gleis 11;07:31;07:45;2;;;;
RE;14854;;Braunschweig Hbf;von Lehrte;O;Rangierbahnhof Pferdeturm;Pferdeturm;Gleis 13;07:33;07:45;5;;;;
ICE;71;;Hamburg-Altona;von Langenhagen;W;Basel SBB;nach SFS;Gleis 4;07:34;07:41;2;;;;
RE;4405;;Bremen Hbf;von Wunstorf;W;Rangierbahnhof Pferdeturm;Pferdeturm;Gleis 9;07:34;07:45;2;;;;
RE;14005;;Hannover-Hainholz;von Langenhagen;W;Wolfsburg Hbf;nach Lehrte;Gleis 12;07:35;07:46;2;;;;
RE;14063;;Rangierbahnhof Pferdeturm;Pferdeturm;O;Bad Harzburg;nach Alfeld;Gleis 3;07:36;07:48;5;;;;
RE;14843;;Minden(Westf);von Wunstorf;W;Rangierbahnhof Pferdeturm;Pferdeturm;Gleis 10;07:39;07:50;2;;;;
RE;3600;;Halle(Saale)Hbf;von Alfeld;O;Hannover-Hainholz;nach Langenhagen;Gleis 8;07:42;07:54;2;;;;
RE;4873;;Bielefeld Hbf;von Wunstorf;W;Braunschweig Hbf;nach Lehrte;Gleis 9;07:46;07:55;2;;;;
RE;14042;;Wolfsburg Hbf;von Lehrte;O;Hannover-Hainholz;nach Langenhagen;Gleis 13;07:49;08:01;2;;;;
S7;34015;;Celle;von Lehrte;O;Celle;nach Lehrte;Gleis 14;07:49;08:04;5;;S7 34016;;
IC;2182;;Kassel-Wilhelmshöhe;von Alfeld;O;Stralsund Hbf;nach Langenhagen;Gleis 4;07:51;07:59;2;;;;
IC;2277;;Hamburg-Altona;von Langenhagen;W;Frankfurt(Main)Hbf;nach SFS;Gleis 3;07:54;08:01;2;;;;
RE;4874;;Helmstedt;von Lehrte;O;Bielefeld Hbf;nach Wunstorf;Gleis 12;08:00;08:09;2;;;;
RE;14093;;Nienburg(Weser);von Wunstorf;W;Rangierbahnhof Pferdeturm;Pferdeturm;Gleis 9;08:04;08:15;2;;;;
RE;14078;;Bad Harzburg;von Alfeld;O;Rangierbahnhof Pferdeturm;Pferdeturm;Gleis 8;08:05;08:17;5;;;;
RE;14004;;Wolfsburg Hbf;von Lehrte;O;Hannover-Hainholz;nach Langenhagen;Gleis 13;08:07;08:19;2;;;;
RE;4408;;Rangierbahnhof Pferdeturm;Pferdeturm;O;Bremen Hbf;nach Wunstorf;Gleis 12;08:09;08:21;2;;;;
ICE;533;;Oldenburg(Oldb);von Wunstorf;W;München Hbf;nach SFS;Gleis 4;08:10;08:26;2;;;583;583
ME;82817;;Uelzen;von Langenhagen;W;Göttingen;nach Alfeld;Gleis 3;08:10;08:33;2;;;;
S6;34605;;Celle;von Lehrte;O;Celle;nach Lehrte;Gleis 14;08:10;08:41;5;;S6 34606;;
ICE;672;;Wiesbaden Hbf;von SFS;O;Hamburg-Altona;nach Langenhagen;Gleis 7;08:12;08:20;2;;;;
IC;2445;;Köln Hbf;von Wunstorf;W;Leipzig Hbf;nach Lehrte;Gleis 10;08:14;08:36;2;;;;
IC;2434;;Leipzig Hbf;von Lehrte;O;Emden Außenhafen;nach Wunstorf;Gleis 11;08:18;08:45;2;;;;
ICE;583;;Hamburg-Altona;von Langenhagen;W;München Hbf;nach SFS;Gleis 4;08:19;08:26;2;;;533;533
S3;34306;;Hildesheim Hbf;von Lehrte;O;Hildesheim Hbf;nach Lehrte;Gleis 14;08:19;08:34;5;;S3 34309;;34605
ME;82818;;Göttingen;von Alfeld;O;Uelzen;nach Langenhagen;Gleis 8;08:19;08:40;2;;;;
ICE;644;;Berlin Ostbahnhof;von Lehrte;O;Köln/Bonn Flughafen;nach Wunstorf;Gleis 12;08:23;08:31;2;;;;
ICE;654;644;Berlin Ostbahnhof;von Lehrte;O;Bonn Hbf;nach Wunstorf;Gleis 12;08:23;08:31;2;;;;
ICE;843;853;Köln Hbf;von Wunstorf;W;Berlin Ostbahnhof;nach Lehrte;Gleis 9;08:24;08:31;2;;;;
ICE;853;;Köln Hbf;von Wunstorf;W;Berlin Ostbahnhof;nach Lehrte;Gleis 9;08:24;08:31;2;;;;
ICE;888;;Nürnberg Hbf;von SFS;O;Hamburg-Altona;nach Langenhagen;Gleis 7;08:27;08:36;2;;;;
IC;240;;Berlin Ostbahnhof;von Lehrte;O;Amsterdam Centraal;nach Wunstorf;Gleis 12;08:32;08:40;2;;;;
ICE;973;;Kiel Hbf;von Langenhagen;W;Stuttgart Hbf;nach SFS;Gleis 4;08:34;08:41;2;;;;
RE;4407;;Emden Hbf;von Wunstorf;W;Rangierbahnhof Pferdeturm;Pferdeturm;Gleis 9;08:34;08:45;2;;;;
RE;14007;;Hannover-Hainholz;von Langenhagen;W;Wolfsburg Hbf;nach Lehrte;Gleis 13;08:35;08:46;2;;;;
RE;14845;;Minden(Westf);von Wunstorf;W;Rangierbahnhof Pferdeturm;Pferdeturm;Gleis 10;08:39;08:50;2;;;;
RE;14856;;Braunschweig Hbf;von Lehrte;O;Rangierbahnhof Pferdeturm;Pferdeturm;Gleis 12;08:40;08:52;5;;;;
RE;3605;;Hannover-Hainholz;von Langenhagen;W;Halle(Saale)Hbf;nach Alfeld;Gleis 7;08:44;08:55;2;;;;
RE;4843;;Rheine;von Wunstorf;W;Braunschweig Hbf;nach Lehrte;Gleis 9;08:46;08:55;2;;;;
S7;34017;;Celle;von Lehrte;O;Celle;nach Lehrte;Gleis 14;08:49;09:04;5;;S7 34018;;
IC;2083;;Hamburg-Altona;von Langenhagen;W;Berchtesgaden Hbf;nach SFS;Gleis 3;08:56;09:03;2;;;;
IC;2085;2083;Hamburg-Altona;von Langenhagen;W;Oberstdorf;nach SFS;Gleis 3;08:56;09:03;2;;;;
RE;4844;;Braunschweig Hbf;von Lehrte;O;Rheine;nach Wunstorf;Gleis 12;09:00;09:09;2;;;;
RE;3604;;Halle(Saale)Hbf;von Alfeld;O;Hannover-Hainholz;nach Langenhagen;Gleis 8;09:01;09:13;2;;;;
RE;14006;;Wolfsburg Hbf;von Lehrte;O;Hannover-Hainholz;nach Langenhagen;Gleis 13;09:07;09:19;2;;;;
RE;4410;;Rangierbahnhof Pferdeturm;Pferdeturm;O;Norddeich Mole;nach Wunstorf;Gleis 12;09:09;09:21;2;;;;
IC;2035;;Oldenburg(Oldb);von Wunstorf;W;Leipzig Hbf;nach Lehrte;Gleis 10;09:10;09:36;2;;;;
ME;82821;;Uelzen;von Langenhagen;W;Göttingen;nach Alfeld;Gleis 4;09:10;09:36;2;;;;
S6;34607;;Celle;von Lehrte;O;Celle;nach Lehrte;Gleis 14;09:10;09:41;5;;S6 34608;;
ICE;774;;Stuttgart Hbf;von SFS;O;Hamburg-Altona;nach Langenhagen;Gleis 7;09:12;09:20;2;;;;
IC;2243;;Bad Bentheim;von Wunstorf;W;Berlin Ostbahnhof;nach Lehrte;Gleis 9;09:14;09:21;2;;;;
ICE;91;;Hamburg-Altona;von Langenhagen;W;Wien Westbahnhof;nach SFS;Gleis 3;09:17;09:26;2;;;;
IC;2044;;Leipzig Hbf;von Lehrte;O;Köln Hbf;nach Wunstorf;Gleis 11;09:18;09:40;2;;;;
S3;34308;;Hildesheim Hbf;von Lehrte;O;Hildesheim Hbf;nach Lehrte;Gleis 14;09:19;09:34;5;;S3 34311;;34607
ME;82820;;Göttingen;von Alfeld;O;Uelzen;nach Langenhagen;Gleis 7;09:21;09:40;2;;;;
ICE;944;;Berlin Ostbahnhof;von Lehrte;O;Düsseldorf Hbf;nach Wunstorf;Gleis 12;09:23;09:31;2;;;;
ICE;954;944;Berlin Ostbahnhof;von Lehrte;O;Köln Hbf;nach Wunstorf;Gleis 12;09:23;09:31;2;;;;
ICE;543;553;Köln Hbf;von Wunstorf;W;Berlin Ostbahnhof;nach Lehrte;Gleis 9;09:24;09:31;2;;;;
ICE;553;;Koblenz Hbf;von Wunstorf;W;Berlin Ostbahnhof;nach Lehrte;Gleis 9;09:24;09:31;2;;;;
ICE;684;;München Hbf;von SFS;O;Hamburg-Altona;nach Langenhagen;Gleis 8;09:27;09:36;2;;;;
ICE;634;684$h;München Hbf;von SFS;O;Bremen Hbf;nach Wunstorf;Gleis 8;09:27;09:45;2;;;;
ICE;73;;Kiel Hbf;von Langenhagen;W;Zürich HB;nach SFS;Gleis 3;09:34;09:41;2;;;;
RE;4409;;Bremen Hbf;von Wunstorf;W;Rangierbahnhof Pferdeturm;Pferdeturm;Gleis 9;09:34;09:45;2;;;;
RE;14009;;Hannover-Hainholz;von Langenhagen;W;Wolfsburg Hbf;nach Lehrte;Gleis 13;09:35;09:46;2;;;;
RE;14065;;Rangierbahnhof Pferdeturm;Pferdeturm;O;Bad Harzburg;nach Alfeld;Gleis 7;09:36;09:48;5;;;;
EN;452;;Moskva Belorusskaja;von Langenhagen;W;Paris Est;nach SFS;Gleis 4;09:40;09:51;2;;;;
RE;4875;;Bielefeld Hbf;von Wunstorf;W;Braunschweig Hbf;nach Lehrte;Gleis 10;09:46;09:55;2;;;;
S7;34019;;Celle;von Lehrte;O;Celle;nach Lehrte;Gleis 14;09:49;10:04;5;;S7 34020;;
IC;2388;;Frankfurt(Main)Hbf;von SFS;O;Berlin Südkreuz;nach Lehrte;Gleis 9;09:51;10:05;5;;;;
IC;2279;;Stralsund Hbf;von Langenhagen;W;Konstanz;nach SFS;Gleis 3;09:54;10:01;2;;;;
RE;4876;;Braunschweig Hbf;von Lehrte;O;Bielefeld Hbf;nach Wunstorf;Gleis 12;10:00;10:09;2;;;;
RE;14064;;Bad Harzburg;von Alfeld;O;Rangierbahnhof Pferdeturm;Pferdeturm;Gleis 8;10:05;10:17;5;;;;
RE;14008;;Wolfsburg Hbf;von Lehrte;O;Hannover-Hainholz;nach Langenhagen;Gleis 13;10:07;10:19;2;;;;
RE;4412;;Rangierbahnhof Pferdeturm;Pferdeturm;O;Bremen Hbf;nach Wunstorf;Gleis 12;10:09;10:21;2;;;;
ICE;535;;Bremen Hbf;von Wunstorf;W;München Hbf;nach SFS;Gleis 4;10:10;10:26;2;;;585;585
ME;82823;;Uelzen;von Langenhagen;W;Göttingen;nach Alfeld;Gleis 3;10:10;10:33;2;;;;
S6;34609;;Celle;von Lehrte;O;Celle;nach Lehrte;Gleis 14;10:10;10:41;5;;S6 34610;;
ICE;674;;Karlsruhe Hbf;von SFS;O;Kiel Hbf;nach Langenhagen;Gleis 7;10:12;10:20;2;;;;
IC;2443;;Köln Hbf;von Wunstorf;W;Leipzig Hbf;nach Lehrte;Gleis 10;10:14;10:36;2;;;;
ICE;585;;Lübeck Hbf;von Langenhagen;W;München Hbf;nach SFS;Gleis 4;10:17;10:26;2;;;535;535
ME;82822;;Göttingen;von Alfeld;O;Uelzen;nach Langenhagen;Gleis 8;10:18;10:40;2;;;;
IC;2432;;Cottbus;von Lehrte;O;Norddeich Mole;nach Wunstorf;Gleis 11;10:18;10:45;2;;;;
S3;34310;;Hildesheim Hbf;von Lehrte;O;Hildesheim Hbf;nach Lehrte;Gleis 14;10:19;10:34;5;;S3 34313;;34609
ICE;642;;Berlin Ostbahnhof;von Lehrte;O;Düsseldorf Hbf;nach Wunstorf;Gleis 12;10:23;10:31;2;;;;
ICE;652;642;Berlin Ostbahnhof;von Lehrte;O;Bonn Hbf;nach Wunstorf;Gleis 12;10:23;10:31;2;;;;
ICE;845;855;Köln/Bonn Flughafen;von Wunstorf;W;Berlin Ostbahnhof;nach Lehrte;Gleis 9;10:24;10:31;2;;;;
ICE;855;;Köln Hbf;von Wunstorf;W;Berlin Ostbahnhof;nach Lehrte;Gleis 9;10:24;10:31;2;;;;
ICE;886;;München Hbf;von SFS;O;Hamburg-Altona;nach Langenhagen;Gleis 7;10:27;10:36;2;;;;
IC;148;;Berlin Ostbahnhof;von Lehrte;O;Amsterdam Centraal;nach Wunstorf;Gleis 12;10:32;10:40;2;;;;
ICE;575;;Hamburg-Altona;von Langenhagen;W;Stuttgart Hbf;nach SFS;Gleis 4;10:34;10:41;2;;;;
RE;4411;;Norddeich;von Wunstorf;W;Rangierbahnhof Pferdeturm;Pferdeturm;Gleis 9;10:34;10:45;2;;;;
RE;14011;;Hannover-Hainholz;von Langenhagen;W;Wolfsburg Hbf;nach Lehrte;Gleis 13;10:35;10:46;2;;;;
RE;3607;;Hannover-Hainholz;von Langenhagen;W;Halle(Saale)Hbf;nach Alfeld;Gleis 4;10:44;10:55;2;;;;
RE;4845;;Rheine;von Wunstorf;W;Braunschweig Hbf;nach Lehrte;Gleis 9;10:46;10:55;2;;;;
S7;34021;;Celle;von Lehrte;O;Celle;nach Lehrte;Gleis 14;10:49;11:04;5;;S7 34022;;
IC;1979;;Hamburg-Altona;von Langenhagen;W;Frankfurt(Main)Hbf;nach SFS;Gleis 3;10:54;11:01;2;;;;
RE;4846;;Braunschweig Hbf;von Lehrte;O;Rheine;nach Wunstorf;Gleis 12;11:00;11:09;2;;;;
RE;3606;;Halle(Saale)Hbf;von Alfeld;O;Hannover-Hainholz;nach Langenhagen;Gleis 8;11:01;11:13;2;;;;
RE;14010;;Wolfsburg Hbf;von Lehrte;O;Hannover-Hainholz;nach Langenhagen;Gleis 13;11:07;11:19;2;;;;
RE;4414;;Rangierbahnhof Pferdeturm;Pferdeturm;O;Norddeich Mole;nach Wunstorf;Gleis 12;11:09;11:21;2;;;;
IC;2037;;Norddeich Mole;von Wunstorf;W;Dresden Hbf;nach Lehrte;Gleis 10;11:10;11:36;2;;;;
ME;82825;;Uelzen;von Langenhagen;W;Göttingen;nach Alfeld;Gleis 3;11:10;11:36;2;;;;
S6;34611;;Celle;von Lehrte;O;Celle;nach Lehrte;Gleis 14;11:10;11:41;5;;S6 34612;;
ICE;772;;Stuttgart Hbf;von SFS;O;Hamburg-Altona;nach Langenhagen;Gleis 7;11:12;11:20;2;;;;
IC;141;;Amsterdam Centraal;von Wunstorf;W;Berlin Hbf (tief);nach Lehrte;Gleis 9;11:14;11:21;2;;;;
ICE;787;;Hamburg-Altona;von Langenhagen;W;München Hbf;nach SFS;Gleis 4;11:17;11:26;2;;;;
IC;2046;;Leipzig Hbf;von Lehrte;O;Rangierbahnhof Pferdeturm;Pferdeturm;Gleis 11;11:18;11:35;5;;;;
S3;34312;;Hildesheim Hbf;von Lehrte;O;Hildesheim Hbf;nach Lehrte;Gleis 13;11:19;11:34;5;;S3 34315;;
ME;82824;;Göttingen;von Alfeld;O;Uelzen;nach Langenhagen;Gleis 7;11:21;11:40;2;;;;
ICE;942;;Berlin Ostbahnhof;von Lehrte;O;Köln/Bonn Flughafen;nach Wunstorf;Gleis 12;11:23;11:31;2;;;;
ICE;952;942;Berlin Ostbahnhof;von Lehrte;O;Köln Hbf;nach Wunstorf;Gleis 12;11:23;11:31;2;;;;
ICE;545;555;Köln Hbf;von Wunstorf;W;Berlin Ostbahnhof;nach Lehrte;Gleis 9;11:24;11:31;2;;;;
ICE;555;;Bonn Hbf;von Wunstorf;W;Berlin Ostbahnhof;nach Lehrte;Gleis 9;11:24;11:31;2;;;;
ICE;1082;;München Hbf;von SFS;O;Hamburg-Altona;nach Langenhagen;Gleis 8;11:27;11:36;2;;;;
ICE;1132;1082$h;München Hbf;von SFS;O;Bremen Hbf;nach Wunstorf;Gleis 8;11:27;11:45;2;;;;
ICE;75;;Hamburg-Altona;von Langenhagen;W;Zürich HB;nach SFS;Gleis 4;11:34;11:41;2;;;;
RE;4413;;Bremen Hbf;von Wunstorf;W;Rangierbahnhof Pferdeturm;Pferdeturm;Gleis 9;11:34;11:45;2;;;;
RE;14013;;Hannover-Hainholz;von Langenhagen;W;Wolfsburg Hbf;nach Lehrte;Gleis 13;11:35;11:46;2;;;;
RE;14067;;Rangierbahnhof Pferdeturm;Pferdeturm;O;Bad Harzburg;nach Alfeld;Gleis 3;11:36;11:48;5;;;;
IC;2017;;Rangierbahnhof Pferdeturm;Pferdeturm;O;München Hbf;nach Wunstorf;Gleis 12;11:39;11:56;2;;;;
RE;4877;;Bielefeld Hbf;von Wunstorf;W;Braunschweig Hbf;nach Lehrte;Gleis 10;11:46;11:55;2;;;;
S7;34023;;Celle;von Lehrte;O;Celle;nach Lehrte;Gleis 14;11:49;12:04;5;;S7 34024;;
IC;2376;;Stuttgart Hbf;von SFS;O;Stralsund Hbf;nach Langenhagen;Gleis 8;11:51;11:59;2;;;;
IC;2371;;Hamburg-Altona;von Langenhagen;W;Karlsruhe Hbf;nach SFS;Gleis 4;11:54;12:01;2;;;;
RE;4878;;Braunschweig Hbf;von Lehrte;O;Bielefeld Hbf;nach Wunstorf;Gleis 12;12:00;12:09;2;;;;
RE;14066;;Bad Harzburg;von Alfeld;O;Rangierbahnhof Pferdeturm;Pferdeturm;Gleis 7;12:05;12:17;5;;;;
RE;14012;;Wolfsburg Hbf;von Lehrte;O;Hannover-Hainholz;nach Langenhagen;Gleis 13;12:07;12:19;2;;;;
RE;4416;;Rangierbahnhof Pferdeturm;Pferdeturm;O;Bremen Hbf;nach Wunstorf;Gleis 12;12:09;12:21;2;;;;
ICE;537;;Bremen Hbf;von Wunstorf;W;München Hbf;nach SFS;Gleis 4;12:10;12:26;2;;;587;587
ME;82827;;Uelzen;von Langenhagen;W;Göttingen;nach Alfeld;Gleis 3;12:10;12:33;2;;;;
S6;34613;;Celle;von Lehrte;O;Celle;nach Lehrte;Gleis 14;12:10;12:41;5;;S6 34614;;
ICE;78;;Basel SBB;von SFS;O;Hamburg-Altona;nach Langenhagen;Gleis 8;12:12;12:20;2;;;;
IC;2441;;Köln Hbf;von Wunstorf;W;Leipzig Hbf;nach Lehrte;Gleis 10;12:14;12:36;2;;;;
ME;82826;;Göttingen;von Alfeld;O;Uelzen;nach Langenhagen;Gleis 7;12:18;12:40;2;;;;
IC;2430;;Dresden Hbf;von Lehrte;O;Oldenburg(Oldb);nach Wunstorf;Gleis 11;12:18;12:45;2;;;;
ICE;587;;Hamburg-Altona;von Langenhagen;W;München Hbf;nach SFS;Gleis 4;12:19;12:26;2;;;537;537
S3;34314;;Hildesheim Hbf;von Lehrte;O;Hildesheim Hbf;nach Lehrte;Gleis 13;12:19;12:34;5;;S3 34317;;
ICE;640;;Berlin Ostbahnhof;von Lehrte;O;Düsseldorf Hbf;nach Wunstorf;Gleis 12;12:23;12:31;2;;;;
ICE;650;640;Berlin Ostbahnhof;von Lehrte;O;Köln Hbf;nach Wunstorf;Gleis 12;12:23;12:31;2;;;;
ICE;847;857;Köln Hbf;von Wunstorf;W;Berlin Ostbahnhof;nach Lehrte;Gleis 9;12:24;12:31;2;;;;
ICE;857;;Köln Hbf;von Wunstorf;W;Berlin Ostbahnhof;nach Lehrte;Gleis 9;12:24;12:31;2;;;;
ICE;882;;München Hbf;von SFS;O;Hamburg-Altona;nach Langenhagen;Gleis 8;12:27;12:36;2;;;;
IC;146;;Berlin Ostbahnhof;von Lehrte;O;Amsterdam Centraal;nach Wunstorf;Gleis 12;12:32;12:40;2;;;;
ICE;577;;Hamburg-Altona;von Langenhagen;W;Stuttgart Hbf;nach SFS;Gleis 4;12:34;12:41;2;;;;
RE;4415;;Norddeich Mole;von Wunstorf;W;Rangierbahnhof Pferdeturm;Pferdeturm;Gleis 9;12:34;12:45;2;;;;
RE;14015;;Hannover-Hainholz;von Langenhagen;W;Wolfsburg Hbf;nach Lehrte;Gleis 13;12:35;12:46;2;;;;
IC;2170;;Rangierbahnhof Pferdeturm;Pferdeturm;O;Westerland(Sylt);nach Langenhagen;Gleis 8;12:39;12:59;2;;;;
IC;2348;;Hamburg-Altona;von Langenhagen;W;Düsseldorf Hbf;nach Wunstorf;Gleis 3;12:42;12:56;5;;;;
RE;3609;;Hannover-Hainholz;von Langenhagen;W;Halle(Saale)Hbf;nach Alfeld;Gleis 7;12:44;12:55;2;;;;
RE;4847;;Rheine;von Wunstorf;W;Braunschweig Hbf;nach Lehrte;Gleis 9;12:46;12:55;2;;;;
IC;1991;;Berlin Südkreuz;von Lehrte;O;Frankfurt(Main)Hbf;nach SFS;Gleis 10;12:48;13:01;5;;;;
S7;34025;;Celle;von Lehrte;O;Celle;nach Lehrte;Gleis 14;12:49;13:04;5;;S7 34026;;
RE;4848;;Braunschweig Hbf;von Lehrte;O;Rheine;nach Wunstorf;Gleis 12;13:00;13:09;2;;;;
RE;3608;;Halle(Saale)Hbf;von Alfeld;O;Hannover-Hainholz;nach Langenhagen;Gleis 8;13:01;13:13;2;;;;
RE;14014;;Wolfsburg Hbf;von Lehrte;O;Hannover-Hainholz;nach Langenhagen;Gleis 13;13:07;13:19;2;;;;
RE;4418;;Rangierbahnhof Pferdeturm;Pferdeturm;O;Norddeich Mole;nach Wunstorf;Gleis 12;13:09;13:21;2;;;;
IC;2039;;Oldenburg(Oldb);von Wunstorf;W;Leipzig Hbf;nach Lehrte;Gleis 10;13:10;13:36;2;;;;
ME;82829;;Uelzen;von Langenhagen;W;Göttingen;nach Alfeld;Gleis 3;13:10;13:36;2;;;;
S6;34615;;Celle;von Lehrte;O;Celle;nach Lehrte;Gleis 14;13:10;13:41;5;;S6 34616;;
ICE;770;;Stuttgart Hbf;von SFS;O;Hamburg-Altona;nach Langenhagen;Gleis 7;13:12;13:20;2;;;;
IC;143;;Amsterdam Centraal;von Wunstorf;W;Berlin Ostbahnhof;nach Lehrte;Gleis 9;13:14;13:21;2;;;;
ICE;789;;Hamburg-Altona;von Langenhagen;W;München Hbf;nach SFS;Gleis 4;13:17;13:26;2;;;;
IC;2048;;Leipzig Hbf;von Lehrte;O;Köln Hbf;nach Wunstorf;Gleis 11;13:18;13:40;2;;;;
S3;34316;;Hildesheim Hbf;von Lehrte;O;Hildesheim Hbf;nach Lehrte;Gleis 13;13:19;13:34;5;;S3 34319;;
ME;82828;;Göttingen;von Alfeld;O;Uelzen;nach Langenhagen;Gleis 7;13:21;13:40;2;;;;
ICE;940;;Berlin Ostbahnhof;von Lehrte;O;Köln/Bonn Flughafen;nach Wunstorf;Gleis 12;13:23;13:31;2;;;;
ICE;950;940;Berlin Ostbahnhof;von Lehrte;O;Köln Hbf;nach Wunstorf;Gleis 12;13:23;13:31;2;;;;
ICE;547;557;Köln/Bonn Flughafen;von Wunstorf;W;Berlin Ostbahnhof;nach Lehrte;Gleis 9;13:24;13:31;2;;;;
ICE;557;;Köln Hbf;von Wunstorf;W;Berlin Ostbahnhof;nach Lehrte;Gleis 9;13:24;13:31;2;;;;
ICE;680;;München Hbf;von SFS;O;Hamburg-Altona;nach Langenhagen;Gleis 8;13:27;13:36;2;;;;
ICE;630;680$h;München Hbf;von SFS;O;Bremen Hbf;nach Wunstorf;Gleis 8;13:27;13:45;2;;;;
ICE;77;;Kiel Hbf;von Langenhagen;W;Zürich HB;nach SFS;Gleis 4;13:34;13:41;2;;;;
RE;4417;;Bremen Hbf;von Wunstorf;W;Rangierbahnhof Pferdeturm;Pferdeturm;Gleis 9;13:34;13:45;2;;;;
RE;14017;;Hannover-Hainholz;von Langenhagen;W;Wolfsburg Hbf;nach Lehrte;Gleis 13;13:35;13:46;2;;;;
RE;14069;;Rangierbahnhof Pferdeturm;Pferdeturm;O;Bad Harzburg;nach Alfeld;Gleis 3;13:36;13:48;5;;;;
RE;14094;;Rangierbahnhof Pferdeturm;Pferdeturm;O;Nienburg(Weser);nach Wunstorf;Gleis 12;13:39;13:51;2;;;;
RE;4879;;Bielefeld Hbf;von Wunstorf;W;Braunschweig Hbf;nach Lehrte;Gleis 10;13:46;13:55;2;;;;
IC;1915;;Berlin Südkreuz;von Lehrte;O;Stuttgart Hbf;nach Wunstorf;Gleis 13;13:48;13:56;2;;;;
S7;34027;;Celle;von Lehrte;O;Celle;nach Lehrte;Gleis 14;13:49;14:04;5;;S7 34028;;
IC;2174;;Karlsruhe Hbf;von SFS;O;Rostock Hbf;nach Langenhagen;Gleis 8;13:51;13:59;2;;;;
IC;2373;;Stralsund Hbf;von Langenhagen;W;Karlsruhe Hbf;nach SFS;Gleis 4;13:54;14:01;2;;;;
IC;2010;;Tübingen Hbf;von Wunstorf;W;Berlin Südkreuz;nach Lehrte;Gleis 9;13:57;14:04;2;;;;
RE;4880;;Braunschweig Hbf;von Lehrte;O;Bielefeld Hbf;nach Wunstorf;Gleis 11;14:00;14:09;2;;;;
IC;1933;;Oldenburg(Oldb);von Wunstorf;W;Leipzig Hbf;nach Lehrte;Gleis 10;14:03;14:11;2;;;;
RE;14068;;Bad Harzburg;von Alfeld;O;Rangierbahnhof Pferdeturm;Pferdeturm;Gleis 8;14:05;14:17;5;;;;
RE;14016;;Wolfsburg Hbf;von Lehrte;O;Hannover-Hainholz;nach Langenhagen;Gleis 13;14:07;14:19;2;;;;
RE;4420;;Rangierbahnhof Pferdeturm;Pferdeturm;O;Bremen Hbf;nach Wunstorf;Gleis 12;14:09;14:21;2;;;;
ICE;1139;;Bremen Hbf;von Wunstorf;W;München Hbf;nach SFS;Gleis 4;14:10;14:26;2;;;1189;1189
ME;82831;;Uelzen;von Langenhagen;W;Göttingen;nach Alfeld;Gleis 3;14:10;14:33;2;;;;
S6;34617;;Celle;von Lehrte;O;Celle;nach Lehrte;Gleis 14;14:10;14:41;5;;S6 34618;;
ICE;76;;Zürich HB;von SFS;O;Kiel Hbf;nach Langenhagen;Gleis 7;14:12;14:20;2;;;;
IC;2049;;Köln Hbf;von Wunstorf;W;Leipzig Hbf;nach Lehrte;Gleis 10;14:14;14:36;2;;;;
ME;82830;;Göttingen;von Alfeld;O;Uelzen;nach Langenhagen;Gleis 8;14:18;14:40;2;;;;
IC;2038;;Leipzig Hbf;von Lehrte;O;Oldenburg(Oldb);nach Wunstorf;Gleis 11;14:18;14:45;2;;;;
ICE;1189;;Hamburg-Altona;von Langenhagen;W;München Hbf;nach SFS;Gleis 4;14:19;14:26;2;;;1139;1139
S3;34318;;Hildesheim Hbf;von Lehrte;O;Hildesheim Hbf;nach Lehrte;Gleis 13;14:19;14:34;5;;S3 34321;;
ICE;548;;Berlin Ostbahnhof;von Lehrte;O;Düsseldorf Hbf;nach Wunstorf;Gleis 12;14:23;14:31;2;;;;
ICE;558;548;Berlin Ostbahnhof;von Lehrte;O;Köln Hbf;nach Wunstorf;Gleis 12;14:23;14:31;2;;;;
ICE;849;859;Düsseldorf Hbf;von Wunstorf;W;Berlin Ostbahnhof;nach Lehrte;Gleis 9;14:24;14:31;2;;;;
ICE;859;;Köln Hbf;von Wunstorf;W;Berlin Ostbahnhof;nach Lehrte;Gleis 9;14:24;14:31;2;;;;
ICE;880;;München Hbf;von SFS;O;Hamburg-Altona;nach Langenhagen;Gleis 7;14:27;14:36;2;;;;
RE;14019;;Hannover-Hainholz;von Langenhagen;W;Wolfsburg Hbf;nach Lehrte;Gleis 13;14:31;14:41;2;;;;
IC;144;;Berlin Ostbahnhof;von Lehrte;O;Amsterdam Centraal;nach Wunstorf;Gleis 12;14:32;14:40;2;;;;
ICE;579;;Hamburg-Altona;von Langenhagen;W;Stuttgart Hbf;nach SFS;Gleis 4;14:34;14:41;2;;;;
RE;4419;;Norddeich Mole;von Wunstorf;W;Rangierbahnhof Pferdeturm;Pferdeturm;Gleis 9;14:34;14:45;2;;;;
RE;3611;;Hannover-Hainholz;von Langenhagen;W;Halle(Saale)Hbf;nach Alfeld;Gleis 7;14:37;14:49;2;;;;
RE;14096;;Rangierbahnhof Pferdeturm;Pferdeturm;O;Nienburg(Weser);nach Wunstorf;Gleis 12;14:39;14:51;2;;;;
RE;4849;;Rheine;von Wunstorf;W;Braunschweig Hbf;nach Lehrte;Gleis 9;14:46;14:55;2;;;;
IC;1981;;Flensburg;von Langenhagen;W;München Hbf;nach SFS;Gleis 3;14:47;14:54;2;;;;
ICE;1193;;Berlin Südkreuz;von Lehrte;O;Frankfurt(Main)Hbf;nach SFS;Gleis 7;14:49;15:01;5;;;;
S7;34029;;Celle;von Lehrte;O;Celle;nach Lehrte;Gleis 14;14:49;15:04;5;;S7 34030;;
IC;1972;;Frankfurt(Main)Hbf;von SFS;O;Hamburg-Altona;nach Langenhagen;Gleis 8;14:54;15:02;2;;;;
IC;1949;;Rangierbahnhof Pferdeturm;Pferdeturm;O;Leipzig Hbf;nach Lehrte;Gleis 11;14:54;15:10;5;;;;
IC;2426;;Köln Hbf;von Wunstorf;W;Seebad Heringsdorf;nach Lehrte;Gleis 9;14:57;15:04;2;;;;
RE;4850;;Braunschweig Hbf;von Lehrte;O;Rheine;nach Wunstorf;Gleis 12;15:00;15:09;2;;;;
RE;3610;;Halle(Saale)Hbf;von Alfeld;O;Hannover-Hainholz;nach Langenhagen;Gleis 8;15:01;15:13;2;;;;
RE;14840;;Rangierbahnhof Pferdeturm;Pferdeturm;O;Minden(Westf);nach Wunstorf;Gleis 12;15:05;15:17;2;;;;
RE;14018;;Wolfsburg Hbf;von Lehrte;O;Hannover-Hainholz;nach Langenhagen;Gleis 13;15:07;15:19;2;;;;
RE;4422;;Rangierbahnhof Pferdeturm;Pferdeturm;O;Norddeich Mole;nach Wunstorf;Gleis 11;15:09;15:21;2;;;;
IC;2431;;Emden Außenhafen;von Wunstorf;W;Cottbus;nach Lehrte;Gleis 10;15:10;15:36;2;;;;
ME;82833;;Uelzen;von Langenhagen;W;Göttingen;nach Alfeld;Gleis 3;15:10;15:36;2;;;;
S6;34619;;Celle;von Lehrte;O;Celle;nach Lehrte;Gleis 14;15:10;15:41;5;;S6 34620;;
ICE;578;;Stuttgart Hbf;von SFS;O;Hamburg-Altona;nach Langenhagen;Gleis 7;15:12;15:20;2;;;;
IC;145;;Amsterdam Centraal;von Wunstorf;W;Berlin Ostbahnhof;nach Lehrte;Gleis 9;15:14;15:21;2;;;;
IC;2440;;Leipzig Hbf;von Lehrte;O;Köln Hbf;nach Wunstorf;Gleis 12;15:18;15:40;2;;;;
ICE;881;;Hamburg-Altona;von Langenhagen;W;München Hbf;nach SFS;Gleis 4;15:19;15:26;2;;;;
S3;34320;;Hildesheim Hbf;von Lehrte;O;Hildesheim Hbf;nach Lehrte;Gleis 13;15:19;15:34;5;;S3 34323;;
ME;82832;;Göttingen;von Alfeld;O;Uelzen;nach Langenhagen;Gleis 7;15:21;15:40;2;;;;
ICE;848;;Berlin Ostbahnhof;von Lehrte;O;Düsseldorf Hbf;nach Wunstorf;Gleis 11;15:23;15:31;2;;;;
ICE;858;848;Berlin Ostbahnhof;von Lehrte;O;Köln Hbf;nach Wunstorf;Gleis 11;15:23;15:31;2;;;;
ICE;549;559;Köln/Bonn Flughafen;von Wunstorf;W;Berlin Ostbahnhof;nach Lehrte;Gleis 9;15:24;15:31;2;;;;
ICE;559;;Bonn Hbf;von Wunstorf;W;Berlin Ostbahnhof;nach Lehrte;Gleis 9;15:24;15:31;2;;;;
ICE;588;;München Hbf;von SFS;O;Hamburg-Altona;nach Langenhagen;Gleis 8;15:27;15:36;2;;;;
ICE;538;588$h;München Hbf;von SFS;O;Bremen Hbf;nach Wunstorf;Gleis 8;15:27;15:45;2;;;;
ICE;79;;Hamburg-Altona;von Langenhagen;W;Basel SBB;nach SFS;Gleis 4;15:34;15:41;2;;;;
RE;4421;;Bremen Hbf;von Wunstorf;W;Rangierbahnhof Pferdeturm;Pferdeturm;Gleis 9;15:34;15:45;2;;;;
RE;14021;;Hannover-Hainholz;von Langenhagen;W;Wolfsburg Hbf;nach Lehrte;Gleis 13;15:35;15:46;2;;;;
RE;14071;;Rangierbahnhof Pferdeturm;Pferdeturm;O;Bad Harzburg;nach Alfeld;Gleis 3;15:36;15:48;5;;;;
IC;1927;;Hamburg-Altona;von Langenhagen;W;Köln Hbf;nach Wunstorf;Gleis 12;15:42;15:56;5;;;;
RE;4881;;Bielefeld Hbf;von Wunstorf;W;Braunschweig Hbf;nach Lehrte;Gleis 9;15:46;15:55;2;;;;
IC;2385;;Berlin Südkreuz;von Lehrte;O;Karlsruhe Hbf;nach SFS;Gleis 11;15:48;16:01;5;;;;
S7;34031;;Celle;von Lehrte;O;Celle;nach Lehrte;Gleis 14;15:49;16:04;5;;S7 34032;;
IC;2372;;Frankfurt(Main)Hbf;von SFS;O;Stralsund Hbf;nach Langenhagen;Gleis 8;15:51;15:59;2;;;;
RE;14039;;Hannover-Hainholz;von Langenhagen;W;Wolfsburg Hbf;nach Lehrte;Gleis 13;15:56;16:07;2;;;;
IC;1918;;Aachen Hbf;von Wunstorf;W;Dresden Hbf;nach Lehrte;Gleis 9;15:57;16:04;2;;;;
RE;4882;;Braunschweig Hbf;von Lehrte;O;Bielefeld Hbf;nach Wunstorf;Gleis 12;16:00;16:09;2;;;;
RE;14851;;Rangierbahnhof Pferdeturm;Pferdeturm;O;Braunschweig Hbf;nach Lehrte;Gleis 9;16:04;16:16;5;;;;
RE;14070;;Bad Harzburg;von Alfeld;O;Rangierbahnhof Pferdeturm;Pferdeturm;Gleis 8;16:05;16:17;5;;;;
RE;14842;;Rangierbahnhof Pferdeturm;Pferdeturm;O;Minden(Westf);nach Wunstorf;Gleis 11;16:05;16:17;2;;;;
RE;14020;;Wolfsburg Hbf;von Lehrte;O;Hannover-Hainholz;nach Langenhagen;Gleis 13;16:07;16:19;2;;;;
RE;4424;;Rangierbahnhof Pferdeturm;Pferdeturm;O;Bremen Hbf;nach Wunstorf;Gleis 12;16:09;16:21;2;;;;
ICE;631;;Bremen Hbf;von Wunstorf;W;München Hbf;nach SFS;Gleis 4;16:10;16:26;2;;;681;681
ME;82835;;Uelzen;von Langenhagen;W;Göttingen;nach Alfeld;Gleis 3;16:10;16:33;2;;;;
S6;34621;;Celle;von Lehrte;O;Celle;nach Lehrte;Gleis 14;16:10;16:41;5;;S6 34622;;
ICE;74;;Zürich HB;von SFS;O;Kiel Hbf;nach Langenhagen;Gleis 7;16:12;16:20;2;;;;
IC;2047;;Köln Hbf;von Wunstorf;W;Leipzig Hbf;nach Lehrte;Gleis 10;16:14;16:36;2;;;;
ME;82834;;Göttingen;von Alfeld;O;Uelzen;nach Langenhagen;Gleis 8;16:18;16:40;2;;;;
IC;2036;;Leipzig Hbf;von Lehrte;O;Norddeich Mole;nach Wunstorf;Gleis 11;16:18;16:45;2;;;;
ICE;681;;Hamburg-Altona;von Langenhagen;W;München Hbf;nach SFS;Gleis 4;16:19;16:26;2;;;631;631
S3;34322;;Hildesheim Hbf;von Lehrte;O;Hildesheim Hbf;nach Lehrte;Gleis 13;16:19;16:34;5;;S3 34325;;
ICE;546;;Berlin Ostbahnhof;von Lehrte;O;Köln/Bonn Flughafen;nach Wunstorf;Gleis 12;16:23;16:31;2;;;;
ICE;556;546;Berlin Ostbahnhof;von Lehrte;O;Koblenz Hbf;nach Wunstorf;Gleis 12;16:23;16:31;2;;;;
ICE;941;951;Düsseldorf Hbf;von Wunstorf;W;Berlin Ostbahnhof;nach Lehrte;Gleis 9;16:24;16:31;2;;;;
ICE;951;;Köln Hbf;von Wunstorf;W;Berlin Ostbahnhof;nach Lehrte;Gleis 9;16:24;16:31;2;;;;
ICE;788;;München Hbf;von SFS;O;Hamburg-Altona;nach Langenhagen;Gleis 7;16:27;16:36;2;;;;
IC;142;;Berlin Hbf (tief);von Lehrte;O;Amsterdam Centraal;nach Wunstorf;Gleis 12;16:32;16:40;2;;;;
ICE;771;;Hamburg-Altona;von Langenhagen;W;Stuttgart Hbf;nach SFS;Gleis 3;16:34;16:41;2;;;;
RE;4423;;Norddeich Mole;von Wunstorf;W;Rangierbahnhof Pferdeturm;Pferdeturm;Gleis 9;16:34;16:45;2;;;;
RE;14023;;Hannover-Hainholz;von Langenhagen;W;Wolfsburg Hbf;nach Lehrte;Gleis 13;16:35;16:46;2;;;;
RE;3613;;Hannover-Hainholz;von Langenhagen;W;Halle(Saale)Hbf;nach Alfeld;Gleis 7;16:44;16:55;2;;;;
RE;4851;;Rheine;von Wunstorf;W;Braunschweig Hbf;nach Lehrte;Gleis 10;16:46;16:55;2;;;;
IC;1921;;Berlin Südkreuz;von Lehrte;O;Köln Hbf;nach Wunstorf;Gleis 13;16:48;16:56;2;;;;
IC;2082;;Berchtesgaden Hbf;von SFS;O;Hamburg-Altona;nach Langenhagen;Gleis 8;16:49;16:57;2;;;;
IC;2084;2082;Oberstdorf;von SFS;O;Hamburg-Altona;nach Langenhagen;Gleis 8;16:49;16:57;2;;;;
S7;34033;;Celle;von Lehrte;O;Celle;nach Lehrte;Gleis 14;16:49;17:04;5;;S7 34034;;
IC;2171;;Westerland(Sylt);von Langenhagen;W;Stuttgart Hbf;nach SFS;Gleis 3;16:56;17:04;2;;;;
RE;14041;;Hannover-Hainholz;von Langenhagen;W;Wolfsburg Hbf;nach Lehrte;Gleis 13;16:56;17:07;2;;;;
IC;1922;;Stuttgart Hbf;von Wunstorf;W;Berlin Südkreuz;nach Lehrte;Gleis 10;16:57;17:04;2;;;;
RE;4852;;Braunschweig Hbf;von Lehrte;O;Rheine;nach Wunstorf;Gleis 12;17:00;17:09;2;;;;
RE;3612;;Halle(Saale)Hbf;von Alfeld;O;Hannover-Hainholz;nach Langenhagen;Gleis 8;17:01;17:13;2;;;;
RE;14853;;Rangierbahnhof Pferdeturm;Pferdeturm;O;Braunschweig Hbf;nach Lehrte;Gleis 9;17:01;17:13;5;;;;
RE;14022;;Wolfsburg Hbf;von Lehrte;O;Hannover-Hainholz;nach Langenhagen;Gleis 13;17:07;17:19;2;;;;
RE;4426;;Rangierbahnhof Pferdeturm;Pferdeturm;O;Norddeich;nach Wunstorf;Gleis 12;17:09;17:21;2;;;;
IC;2433;;Oldenburg(Oldb);von Wunstorf;W;Leipzig Hbf;nach Lehrte;Gleis 10;17:10;17:36;2;;;;
ME;82837;;Uelzen;von Langenhagen;W;Göttingen;nach Alfeld;Gleis 3;17:10;17:36;2;;;;
S6;34623;;Celle;von Lehrte;O;Celle;nach Lehrte;Gleis 14;17:10;17:41;5;;S6 34624;;
ICE;576;;Stuttgart Hbf;von SFS;O;Hamburg-Altona;nach Langenhagen;Gleis 7;17:12;17:20;2;;;;
IC;147;;Amsterdam Centraal;von Wunstorf;W;Berlin Ostbahnhof;nach Lehrte;Gleis 9;17:14;17:21;2;;;;
ICE;1183;;Kiel Hbf;von Langenhagen;W;München Hbf;nach SFS;Gleis 4;17:17;17:26;2;;;;
IC;2442;;Leipzig Hbf;von Lehrte;O;Köln Hbf;nach Wunstorf;Gleis 11;17:18;17:40;2;;;;
S3;34324;;Hildesheim Hbf;von Lehrte;O;Hildesheim Hbf;nach Lehrte;Gleis 13;17:19;17:34;5;;S3 34327;;
ME;82836;;Göttingen;von Alfeld;O;Uelzen;nach Langenhagen;Gleis 8;17:21;17:40;2;;;;
ICE;856;1046;Berlin Ostbahnhof;von Lehrte;O;Bonn Hbf;nach Wunstorf;Gleis 12;17:23;17:31;2;;;;
ICE;1046;;Berlin Ostbahnhof;von Lehrte;O;Mönchengladbach Hbf;nach Wunstorf;Gleis 12;17:23;17:31;2;;;;
ICE;641;651;Düsseldorf Hbf;von Wunstorf;W;Berlin Ostbahnhof;nach Lehrte;Gleis 9;17:24;17:31;2;;;;
ICE;651;;Bonn Hbf;von Wunstorf;W;Berlin Ostbahnhof;nach Lehrte;Gleis 9;17:24;17:31;2;;;;
ICE;586;;München Hbf;von SFS;O;Hamburg-Altona;nach Langenhagen;Gleis 7;17:27;17:36;2;;;;
ICE;536;586$h;München Hbf;von SFS;O;Bremen Hbf;nach Wunstorf;Gleis 7;17:27;17:45;2;;;;
ICE;671;;Hamburg-Altona;von Langenhagen;W;Karlsruhe Hbf;nach SFS;Gleis 4;17:34;17:41;2;;;;
RE;4425;;Bremen Hbf;von Wunstorf;W;Rangierbahnhof Pferdeturm;Pferdeturm;Gleis 9;17:34;17:45;2;;;;
RE;14025;;Hannover-Hainholz;von Langenhagen;W;Wolfsburg Hbf;nach Lehrte;Gleis 13;17:35;17:46;2;;;;
RE;14073;;Rangierbahnhof Pferdeturm;Pferdeturm;O;Bad Harzburg;nach Alfeld;Gleis 3;17:36;17:48;5;;;;
RE;4883;;Bielefeld Hbf;von Wunstorf;W;Braunschweig Hbf;nach Lehrte;Gleis 9;17:46;17:55;2;;;;
IC;1923;;Berlin Südkreuz;von Lehrte;O;Köln Hbf;nach Wunstorf;Gleis 11;17:48;17:56;2;;;;
S7;34035;;Celle;von Lehrte;O;Celle;nach Lehrte;Gleis 14;17:49;18:04;5;;S7 34036;;
IC;2270;;Konstanz;von SFS;O;Stralsund Hbf;nach Langenhagen;Gleis 8;17:51;17:59;2;;;;
IC;2377;;Ostseebad Binz;von Langenhagen;W;Karlsruhe Hbf;nach SFS;Gleis 4;17:53;18:01;2;;;;
RE;14043;;Hannover-Hainholz;von Langenhagen;W;Wolfsburg Hbf;nach Lehrte;Gleis 10;17:56;18:07;2;;;;
IC;1216;;Salzburg Hbf;von Wunstorf;W;Berlin Südkreuz;nach Lehrte;Gleis 9;17:57;18:04;2;;;;
RE;4884;;Braunschweig Hbf;von Lehrte;O;Bielefeld Hbf;nach Wunstorf;Gleis 13;18:00;18:09;2;;;;
RE;14855;;Rangierbahnhof Pferdeturm;Pferdeturm;O;Braunschweig Hbf;nach Lehrte;Gleis 12;18:04;18:16;5;;;;
RE;14072;;Bad Harzburg;von Alfeld;O;Rangierbahnhof Pferdeturm;Pferdeturm;Gleis 8;18:05;18:17;5;;;;
RE;14846;;Rangierbahnhof Pferdeturm;Pferdeturm;O;Minden(Westf);nach Wunstorf;Gleis 11;18:05;18:17;2;;;;
RE;14024;;Wolfsburg Hbf;von Lehrte;O;Hannover-Hainholz;nach Langenhagen;Gleis 13;18:07;18:19;2;;;;
RE;4428;;Rangierbahnhof Pferdeturm;Pferdeturm;O;Bremen Hbf;nach Wunstorf;Gleis 9;18:09;18:21;2;;;;
ICE;633;;Bremen Hbf;von Wunstorf;W;München Hbf;nach SFS;Gleis 4;18:10;18:26;2;;;683;683
ME;82839;;Uelzen;von Langenhagen;W;Göttingen;nach Alfeld;Gleis 3;18:10;18:33;2;;;;
S6;34625;;Celle;von Lehrte;O;Celle;nach Lehrte;Gleis 14;18:10;18:41;5;;S6 34626;;
ICE;72;;Zürich HB;von SFS;O;Hamburg-Altona;nach Langenhagen;Gleis 7;18:12;18:20;2;;;;
IC;2045;;Köln Hbf;von Wunstorf;W;Leipzig Hbf;nach Lehrte;Gleis 10;18:14;18:36;2;;;;
ME;82134;;Göttingen;von Alfeld;O;Hamburg Hbf;nach Langenhagen;Gleis 8;18:18;18:40;2;;;;
ICE;1744;;Dresden Hbf;von Lehrte;O;Oldenburg(Oldb);nach Wunstorf;Gleis 11;18:18;18:45;2;;;;
ICE;683;;Hamburg-Altona;von Langenhagen;W;München Hbf;nach SFS;Gleis 4;18:19;18:26;2;;;633;633
S3;34326;;Hildesheim Hbf;von Lehrte;O;Hildesheim Hbf;nach Lehrte;Gleis 13;18:19;18:34;5;;S3 34329;;
ICE;544;;Berlin Ostbahnhof;von Lehrte;O;Köln Hbf;nach Wunstorf;Gleis 12;18:23;18:31;2;;;;
ICE;554;544;Berlin Ostbahnhof;von Lehrte;O;Köln Hbf;nach Wunstorf;Gleis 12;18:23;18:31;2;;;;
ICE;943;953;Düsseldorf Hbf;von Wunstorf;W;Berlin Ostbahnhof;nach Lehrte;Gleis 9;18:24;18:31;2;;;;
ICE;953;;Köln Hbf;von Wunstorf;W;Berlin Ostbahnhof;nach Lehrte;Gleis 9;18:24;18:31;2;;;;
ICE;786;;München Hbf;von SFS;O;Hamburg-Altona;nach Langenhagen;Gleis 7;18:27;18:36;2;;;;
IC;140;;Berlin Ostbahnhof;von Lehrte;O;Amsterdam Centraal;nach Wunstorf;Gleis 12;18:32;18:40;2;;;;
ICE;773;;Hamburg-Altona;von Langenhagen;W;Stuttgart Hbf;nach SFS;Gleis 3;18:34;18:41;2;;;;
RE;4427;;Norddeich Mole;von Wunstorf;W;Rangierbahnhof Pferdeturm;Pferdeturm;Gleis 9;18:34;18:45;2;;;;
RE;14027;;Hannover-Hainholz;von Langenhagen;W;Wolfsburg Hbf;nach Lehrte;Gleis 13;18:35;18:46;2;;;;
ICE;1197;;Berlin Südkreuz;von Lehrte;O;Frankfurt(Main)Hbf;nach SFS;Gleis 4;18:38;18:48;5;;;;
RE;3615;;Hannover-Hainholz;von Langenhagen;W;Halle(Saale)Hbf;nach Alfeld;Gleis 3;18:44;18:55;2;;;;
RE;4853;;Rheine;von Wunstorf;W;Braunschweig Hbf;nach Lehrte;Gleis 9;18:46;18:55;2;;;;
IC;1925;;Berlin Südkreuz;von Lehrte;O;Köln Hbf;nach Wunstorf;Gleis 11;18:48;18:56;2;;;;
S7;34037;;Celle;von Lehrte;O;Celle;nach Lehrte;Gleis 14;18:49;19:04;5;;S7 34038;;
IC;1990;;Frankfurt(Main)Hbf;von SFS;O;Berlin Südkreuz;nach Lehrte;Gleis 10;18:55;19:05;5;;;;
RE;4854;;Braunschweig Hbf;von Lehrte;O;Rheine;nach Wunstorf;Gleis 12;19:00;19:09;2;;;;
IC;2173;;Hamburg-Altona;von Langenhagen;W;Rangierbahnhof Pferdeturm;Pferdeturm;Gleis 4;19:00;19:15;2;;;;
RE;3614;;Halle(Saale)Hbf;von Alfeld;O;Hannover-Hainholz;nach Langenhagen;Gleis 8;19:01;19:13;2;;;;
RE;14026;;Wolfsburg Hbf;von Lehrte;O;Hannover-Hainholz;nach Langenhagen;Gleis 13;19:07;19:19;2;;;;
RE;4430;;Rangierbahnhof Pferdeturm;Pferdeturm;O;Norddeich;nach Wunstorf;Gleis 12;19:09;19:21;2;;;;
IC;2435;;Norddeich Mole;von Wunstorf;W;Leipzig Hbf;nach Lehrte;Gleis 10;19:10;19:36;2;;;;
ME;82841;;Uelzen;von Langenhagen;W;Göttingen;nach Alfeld;Gleis 3;19:10;19:36;2;;;;
S6;34627;;Celle;von Lehrte;O;Celle;nach Lehrte;Gleis 14;19:10;19:41;5;;S6 34628;;
ICE;974;;Stuttgart Hbf;von SFS;O;Kiel Hbf;nach Langenhagen;Gleis 7;19:12;19:20;2;;;;
IC;149;;Amsterdam Centraal;von Wunstorf;W;Berlin Ostbahnhof;nach Lehrte;Gleis 9;19:14;19:21;2;;;;
ICE;885;;Hamburg-Altona;von Langenhagen;W;München Hbf;nach SFS;Gleis 4;19:17;19:26;2;;;;
IC;2444;;Leipzig Hbf;von Lehrte;O;Köln Hbf;nach Wunstorf;Gleis 11;19:18;19:40;2;;;;
S3;34328;;Hildesheim Hbf;von Lehrte;O;Hildesheim Hbf;nach Lehrte;Gleis 13;19:19;19:34;5;;S3 34331;;
ME;82840;;Göttingen;von Alfeld;O;Uelzen;nach Langenhagen;Gleis 7;19:21;19:40;2;;;;
ICE;844;;Berlin Ostbahnhof;von Lehrte;O;Köln Hbf;nach Wunstorf;Gleis 12;19:23;19:31;2;;;;
ICE;854;844;Berlin Ostbahnhof;von Lehrte;O;Köln Hbf;nach Wunstorf;Gleis 12;19:23;19:31;2;;;;
ICE;643;653;Köln/Bonn Flughafen;von Wunstorf;W;Berlin Ostbahnhof;nach Lehrte;Gleis 9;19:24;19:31;2;;;;
ICE;653;;Köln Hbf;von Wunstorf;W;Berlin Ostbahnhof;nach Lehrte;Gleis 9;19:24;19:31;2;;;;
ICE;534;584;München Hbf;von SFS;O;Kiel Hbf;nach Langenhagen;Gleis 8;19:27;19:36;2;;;;
ICE;584;;München Hbf;von SFS;O;Lübeck Hbf;nach Langenhagen;Gleis 8;19:27;19:36;2;;;;
ICE;1173;;Kiel Hbf;von Langenhagen;W;Basel SBB;nach SFS;Gleis 4;19:34;19:41;2;;;;
RE;4429;;Bremen Hbf;von Wunstorf;W;Rangierbahnhof Pferdeturm;Pferdeturm;Gleis 9;19:34;19:45;2;;;;
RE;14029;;Hannover-Hainholz;von Langenhagen;W;Wolfsburg Hbf;nach Lehrte;Gleis 13;19:35;19:46;2;;;;
RE;14075;;Rangierbahnhof Pferdeturm;Pferdeturm;O;Bad Harzburg;nach Alfeld;Gleis 3;19:36;19:48;5;;;;
ICE;776;;Frankfurt(Main)Hbf;von SFS;O;Oldenburg(Oldb);nach Wunstorf;Gleis 7;19:42;19:49;2;;;;
RE;4885;;Bielefeld Hbf;von Wunstorf;W;Braunschweig Hbf;nach Lehrte;Gleis 10;19:46;19:55;2;;;;
S7;34039;;Celle;von Lehrte;O;Celle;nach Lehrte;Gleis 14;19:49;20:04;5;;S7 34040;;
IC;2276;;Karlsruhe Hbf;von SFS;O;Hamburg-Altona;nach Langenhagen;Gleis 7;19:51;19:59;2;;;;
IC;2379;;Stralsund Hbf;von Langenhagen;W;Frankfurt(Main)Hbf;nach SFS;Gleis 4;19:53;20:01;2;;;;
IC;1912;;Düsseldorf Hbf;von Wunstorf;W;Berlin Südkreuz;nach Lehrte;Gleis 10;19:57;20:04;2;;;;
RE;4886;;Braunschweig Hbf;von Lehrte;O;Bielefeld Hbf;nach Wunstorf;Gleis 12;20:00;20:09;2;;;;
RE;14074;;Bad Harzburg;von Alfeld;O;Rangierbahnhof Pferdeturm;Pferdeturm;Gleis 9;20:05;20:17;5;;;;
RE;14028;;Wolfsburg Hbf;von Lehrte;O;Hannover-Hainholz;nach Langenhagen;Gleis 13;20:07;20:19;2;;;;
RE;4432;;Rangierbahnhof Pferdeturm;Pferdeturm;O;Bremen Hbf;nach Wunstorf;Gleis 12;20:09;20:21;2;;;;
ICE;635;;Bremen Hbf;von Wunstorf;W;Nürnberg Hbf;nach SFS;Gleis 4;20:10;20:26;2;;;685;685
ME;82843;;Uelzen;von Langenhagen;W;Göttingen;nach Alfeld;Gleis 3;20:10;20:33;2;;;;
S6;34629;;Celle;von Lehrte;O;Celle;nach Lehrte;Gleis 14;20:10;20:41;5;;S6 34630;;
ICE;70;;Basel SBB;von SFS;O;Hamburg-Altona;nach Langenhagen;Gleis 8;20:12;20:20;2;;;;
IC;2012;;Oberstdorf;von Wunstorf;W;Magdeburg Hbf;nach Lehrte;Gleis 10;20:14;20:36;2;;;;
ICE;1090;;München Hbf;von SFS;O;Berlin Südkreuz;nach Lehrte;Gleis 7;20:16;20:26;5;;;;
ICE;685;;Hamburg-Altona;von Langenhagen;W;Nürnberg Hbf;nach SFS;Gleis 4;20:17;20:26;2;;;635;635
IC;2032;;Dresden Hbf;von Lehrte;O;Oldenburg(Oldb);nach Wunstorf;Gleis 11;20:18;20:45;2;;;;
S3;34330;;Hildesheim Hbf;von Lehrte;O;Hildesheim Hbf;nach Lehrte;Gleis 13;20:19;20:34;5;;S3 34333;;
ME;82842;;Göttingen;von Alfeld;O;Uelzen;nach Langenhagen;Gleis 8;20:20;20:40;2;;;;
ICE;542;;Berlin Ostbahnhof;von Lehrte;O;Köln Hbf;nach Wunstorf;Gleis 12;20:23;20:31;2;;;;
ICE;552;542;Berlin Ostbahnhof;von Lehrte;O;Bonn Hbf;nach Wunstorf;Gleis 12;20:23;20:31;2;;;;
ICE;945;955;Köln/Bonn Flughafen;von Wunstorf;W;Berlin Ostbahnhof;nach Lehrte;Gleis 9;20:24;20:31;2;;;;
ICE;955;;Köln Hbf;von Wunstorf;W;Berlin Ostbahnhof;nach Lehrte;Gleis 9;20:24;20:31;2;;;;
ICE;90;;Wien Westbahnhof;von SFS;O;Hamburg-Altona;nach Langenhagen;Gleis 7;20:27;20:36;2;;;;
IC;2242;;Berlin Ostbahnhof;von Lehrte;O;Münster(Westf)Hbf;nach Wunstorf;Gleis 12;20:32;20:40;2;;;;
ICE;1675;;Hamburg-Altona;von Langenhagen;W;Frankfurt(Main)Hbf;nach SFS;Gleis 4;20:34;20:41;2;;;;
RE;3617;;Hannover-Hainholz;von Langenhagen;W;Halle(Saale)Hbf;nach Alfeld;Gleis 3;20:34;20:45;2;;;;
RE;3619;3617;Hannover-Hainholz;von Langenhagen;W;Bad Harzburg;nach Alfeld;Gleis 3;20:34;20:45;2;;;;
RE;4431;;Norddeich Mole;von Wunstorf;W;Rangierbahnhof Pferdeturm;Pferdeturm;Gleis 9;20:34;20:45;2;;;;
RE;14031;;Hannover-Hainholz;von Langenhagen;W;Wolfsburg Hbf;nach Lehrte;Gleis 13;20:35;20:46;2;;;;
RE;4855;;Rheine;von Wunstorf;W;Braunschweig Hbf;nach Lehrte;Gleis 10;20:46;20:55;2;;;;
S7;34041;;Celle;von Lehrte;O;Celle;nach Lehrte;Gleis 14;20:49;21:04;5;;S7 34042;;
IC;1984;;München Hbf;von Alfeld;O;Hamburg-Altona;nach Langenhagen;Gleis 7;20:51;20:59;2;;;;
RE;4856;;Braunschweig Hbf;von Lehrte;O;Osnabrück Hbf;nach Wunstorf;Gleis 12;21:00;21:09;2;;;;
RE;3616;;Halle(Saale)Hbf;von Alfeld;O;Hannover-Hainholz;nach Langenhagen;Gleis 7;21:01;21:13;2;;;;
RE;14030;;Wolfsburg Hbf;von Lehrte;O;Hannover-Hainholz;nach Langenhagen;Gleis 13;21:07;21:19;2;;;;
RE;4434;;Rangierbahnhof Pferdeturm;Pferdeturm;O;Bremen Hbf;nach Wunstorf;Gleis 12;21:09;21:21;2;;;;
IC;2437;;Oldenburg(Oldb);von Wunstorf;W;Magdeburg Hbf;nach Lehrte;Gleis 10;21:10;21:36;2;;;;
ME;82845;;Uelzen;von Langenhagen;W;Göttingen;nach Alfeld;Gleis 3;21:10;21:36;2;;;;
S6;34631;;Celle;von Lehrte;O;Celle;nach Lehrte;Gleis 14;21:10;21:41;5;;S6 34632;;
ICE;572;;Stuttgart Hbf;von SFS;O;Hamburg-Altona;nach Langenhagen;Gleis 7;21:14;21:22;2;;;;
IC;241;;Amsterdam Centraal;von Wunstorf;W;Rangierbahnhof Pferdeturm;Pferdeturm;Gleis 9;21:14;21:24;2;;;;
ICE;887;;Hamburg-Altona;von Langenhagen;W;Wiesbaden Hbf;nach SFS;Gleis 4;21:17;21:26;2;;;;
S3;34332;;Hildesheim Hbf;von Lehrte;O;Hildesheim Hbf;nach Lehrte;Gleis 13;21:19;21:34;5;;S3 34335;;
ME;82844;;Göttingen;von Alfeld;O;Uelzen;nach Langenhagen;Gleis 7;21:21;21:40;2;;;;
ICE;842;;Berlin Ostbahnhof;von Lehrte;O;Köln Hbf;nach Wunstorf;Gleis 12;21:23;21:31;2;;;;
ICE;932;842$h;Berlin Ostbahnhof;von Lehrte;O;Oldenburg(Oldb);nach Wunstorf;Gleis 12;21:23;21:41;2;;;;
ICE;645;655;Düsseldorf Hbf;von Wunstorf;W;Berlin Ostbahnhof;nach Lehrte;Gleis 9;21:24;21:31;2;;;;
ICE;655;;Köln Hbf;von Wunstorf;W;Berlin Ostbahnhof;nach Lehrte;Gleis 9;21:24;21:31;2;;;;
ICE;582;;München Hbf;von SFS;O;Hamburg-Altona;nach Langenhagen;Gleis 8;21:27;21:36;2;;;;
CNL;479;;Hamburg-Altona;von Wunstorf;W;Zürich HB;nach Alfeld;Gleis 4;21:30;22:16;2;;;450;450
RE;4433;;Bremen Hbf;von Wunstorf;W;Rangierbahnhof Pferdeturm;Pferdeturm;Gleis 9;21:34;21:45;2;;;;
RE;14033;;Hannover-Hainholz;von Langenhagen;W;Wolfsburg Hbf;nach Lehrte;Gleis 13;21:35;21:46;2;;;;
RE;14077;;Rangierbahnhof Pferdeturm;Pferdeturm;O;Goslar;nach Alfeld;Gleis 3;21:36;21:48;5;;;;
RE;4887;;Bielefeld Hbf;von Wunstorf;W;Braunschweig Hbf;nach Lehrte;Gleis 9;21:46;21:55;2;;;;
CNL;450;;Berlin Südkreuz;von Lehrte;O;Paris Est;nach Alfeld;Gleis 4;21:46;22:16;5;;;479;479
S7;34043;;Celle;von Lehrte;O;Celle;nach Lehrte;Gleis 14;21:49;22:04;5;;S7 34044;;
IC;2274;;Karlsruhe Hbf;von SFS;O;Rangierbahnhof Pferdeturm;Pferdeturm;Gleis 8;21:51;22:01;5;;;;
RE;4888;;Braunschweig Hbf;von Lehrte;O;Bielefeld Hbf;nach Wunstorf;Gleis 12;22:00;22:09;2;;;;
RE;14076;;Bad Harzburg;von Alfeld;O;Rangierbahnhof Pferdeturm;Pferdeturm;Gleis 8;22:05;22:17;5;;;;
RE;14032;;Wolfsburg Hbf;von Lehrte;O;Hannover-Hainholz;nach Langenhagen;Gleis 13;22:07;22:19;2;;;;
RE;4436;;Rangierbahnhof Pferdeturm;Pferdeturm;O;Bremen Hbf;nach Wunstorf;Gleis 12;22:09;22:21;2;;;;
S6;34633;;Celle;von Lehrte;O;Hildesheim Hbf;nach Lehrte;Gleis 14;22:10;22:34;5;;S3 34337;;
ICE;376;;Interlaken Ost;von SFS;O;Hamburg-Altona;nach Langenhagen;Gleis 7;22:12;22:20;2;;;;
ME;82846;;Göttingen;von Alfeld;O;Uelzen;nach Langenhagen;Gleis 8;22:18;22:48;2;;;;
S3;34334;;Hildesheim Hbf;von Lehrte;O;Hannover-Hainholz;nach Langenhagen;Gleis 13;22:19;22:29;2;;;;
EN;491;;Hamburg-Altona;von Wunstorf;W;Wien Westbahnhof;nach Alfeld;Gleis 4;22:21;22:27;2;;;;
ME;82847;;Uelzen;von Langenhagen;W;Göttingen;nach Alfeld;Gleis 3;22:22;22:36;2;;;;
ICE;947;957;Düsseldorf Hbf;von Wunstorf;W;Berlin Hbf (tief);nach Lehrte;Gleis 9;22:24;22:31;2;;;;
ICE;957;;Köln Hbf;von Wunstorf;W;Berlin Hbf (tief);nach Lehrte;Gleis 9;22:24;22:31;2;;;;
RE;4435;;Norddeich Mole;von Wunstorf;W;Rangierbahnhof Pferdeturm;Pferdeturm;Gleis 9;22:34;22:45;2;;;;
ICE;782;;München Hbf;von SFS;O;Hamburg-Altona;nach Langenhagen;Gleis 7;22:35;22:44;2;;;;
RE;14035;;Hannover-Hainholz;von Langenhagen;W;Wolfsburg Hbf;nach Lehrte;Gleis 13;22:35;22:46;2;;;;
ICE;732;782$h;München Hbf;von SFS;O;Bremen Hbf;nach Wunstorf;Gleis 7;22:35;22:50;2;;;;
RE;4857;;Rheine;von Wunstorf;W;Braunschweig Hbf;nach Lehrte;Gleis 9;22:46;22:55;2;;;;
IC;2230;;Dresden Hbf;von Lehrte;O;Rangierbahnhof Pferdeturm;Pferdeturm;Gleis 10;22:46;23:02;5;;;;
S7;34045;;Celle;von Lehrte;O;Celle;nach Lehrte;Gleis 14;22:49;23:04;5;;S7 34046;;
ICE;540;;Berlin Ostbahnhof;von Lehrte;O;Köln Hbf;nach Wunstorf;Gleis 11;22:51;23:01;2;;;;
ICE;550;540$h;Berlin Ostbahnhof;von Lehrte;O;Rangierbahnhof Pferdeturm;Pferdeturm;Gleis 11;22:51;23:06;5;;;;
CNL;1287;;Hamburg-Altona;von Langenhagen;W;München Ost;nach Lehrte;Gleis 4;22:56;23:23;2;;;;
RE;4858;;Braunschweig Hbf;von Lehrte;O;Minden(Westf);nach Wunstorf;Gleis 12;23:00;23:09;2;;;;
RE;14034;;Wolfsburg Hbf;von Lehrte;O;Hannover-Hainholz;nach Langenhagen;Gleis 13;23:08;23:20;2;;;;
RE;4438;;Rangierbahnhof Pferdeturm;Pferdeturm;O;Bremen Hbf;nach Wunstorf;Gleis 12;23:09;23:21;2;;;;
ME;82849;;Uelzen;von Langenhagen;W;Göttingen;nach Alfeld;Gleis 3;23:13;23:36;2;;;;
ME;82848;;Göttingen;von Alfeld;O;Uelzen;nach Langenhagen;Gleis 8;23:18;23:40;2;;;;
S3;34336;;Hildesheim Hbf;von Lehrte;O;Hildesheim Hbf;nach Lehrte;Gleis 13;23:19;23:34;5;;S3 34339;;
RE;4437;;Bremen Hbf;von Wunstorf;W;Rangierbahnhof Pferdeturm;Pferdeturm;Gleis 11;23:34;23:45;2;;;;
RE;14037;;Hannover-Hainholz;von Langenhagen;W;Wolfsburg Hbf;nach Lehrte;Gleis 12;23:44;23:55;2;;;;
S7;34047;;Celle;von Lehrte;O;Celle;nach Lehrte;Gleis 14;23:49;00:04;5;;S7 34000;;
ICE;272;;Zürich HB;von SFS;O;Hamburg-Altona;nach Langenhagen;Gleis 8;23:57;00:05;2;;;;
ME;82133;;Hamburg Hbf;von Langenhagen;W;Uelzen;nach Langenhagen;Gleis 7;23:58;00:37;5;;ME 82852;;
